DogID,Gender,TimePoint,SampleGroup,CE 16:1,CE 18:1,CE 18:2,CE 18:3,CE 20:2,CE 20:3,CE 20:4,CE 20:5,CE 22:4,CE 22:5,CE 22:6,Cer d18:1/16:0,Cer d18:1/18:0,Cer d18:1/20:0,Cer d18:1/22:0,Cer d18:1/24:0,Cer d18:1/24:1,Cer d18:2/22:0,Cer d18:2/24:1,DG 16:0_20:4,DG 16:0_22:5,DG 18:0_20:4,DG 18:1_18:2,DG 18:1_18:3,DG 18:1_20:4,DG 18:2_18:2,DG 18:2_20:4,GM3 d18:1/16:0,GM3 d18:1/18:0,GM3 d18:1/24:0,Hex2Cer d18:1/16:0,Hex2Cer d18:1/20:0,Hex2Cer d18:1/22:0,Hex2Cer d18:1/24:0,Hex2Cer d18:1/24:1,Hex3Cer d18:1/16:0,Hex1Cer d18:1/16:0,Hex1Cer d18:1/18:0,Hex1Cer d18:1/20:0,Hex1Cer d18:1/22:0,Hex1Cer d18:1/24:0,LPC 14:0,LPC 15:0,LPC 16:0,LPC 16:1,LPC 17:0,LPC 17:1,LPC 18:0,LPC 18:1,LPC 18:2,LPC 18:3,LPC 20:1,LPC 20:2,LPC 20:3,LPC 20:4,LPC 20:5,LPC 22:0,LPC 22:5,LPC 22:6,LPC 24:0,LPC O-16:0,LPC O-18:0,LPC O-18:1,LPC O-20:0,LPC O-20:1,LPC O-22:0,LPC O-22:1,LPE 16:0,LPE 18:0,LPE 18:1,LPE 18:2,LPE 20:4,LPI 18:0,LPI 18:2,LPI 20:4,PC 29:0,PC 31:1,PC 32:0,PC 32:1,PC 32:2,PC 32:3,PC 33:1,PC 33:2,PC 34:0,PC 34:1,PC 34:2,PC 34:3,PC 34:4,PC 35:1,PC 35:2,PC 36:1,PC 36:2,PC 36:3,PC 36:4,PC 36:5,PC 36:6,PC 38:2,PC 38:3,PC 38:4,PC 38:5,PC 38:6,PC 38:7,PC 40:4,PC 40:5,PC 40:6,PC 40:7,PC 40:8,PC O-32:0,PC O-32:1,PC O-34:1,PC O-34:2,PC O-36:1,PC O-36:2,PC O-36:4,PC O-36:5,PC O-38:4,PC O-38:5,PC O-40:5,PC O-40:6,PC O-40:7,PC P-30:0,PC P-32:0,PC P-32:1,PC P-34:1,PC P-34:2,PC P-36:2,PC P-36:4,PC P-36:5,PC P-38:4,PC P-38:5,PC P-40:6,PE 34:1,PE 34:2,PE 34:3,PE 36:1,PE 36:2,PE 36:3,PE 36:4,PE 36:5,PE 38:3,PE 38:4,PE 38:5,PE 38:6,PE 40:4,PE 40:5,PE 40:6,PE 40:7,PE O-34:1,PE O-36:2,PE O-36:3,PE O-36:4,PE O-38:4,PE O-38:5,PE O-40:5,PE O-40:7,PE P-16:0/18:2,PE P-16:0/20:4,PE P-16:0/22:5,PE P-16:0/22:6,PE P-18:0/18:1,PE P-18:0/18:2,PE P-18:0/20:4,PE P-18:0/22:5,PE P-18:0/22:6,PI 32:1,PI 34:0,PI 34:1,PI 34:2,PI 36:1,PI 36:2,PI 36:3,PI 36:4,PI 38:2,PI 38:3,PI 38:4,PI 38:5,PI 38:6,PI 40:4,PI 40:5,PI 40:6,PS 38:4,S1P d16:1,S1P d17:1,S1P d18:0,S1P d18:1,S1P d18:2,S1P d19:1,S1P d20:1,SM 31:1,SM 32:0,SM 32:1,SM 32:2,SM 33:1,SM 34:0,SM 34:1,SM 34:2,SM 35:1,SM 35:2,SM 36:1,SM 36:2,SM 36:3,SM 38:1,SM 38:2,SM 39:1,SM 40:1,SM 40:2,SM 41:1,SM 42:1,SM 42:2,SM 42:3,TG 18:1_30:0,TG 14:1_34:1,TG 16:0_32:2,TG 18:1_30:1,TG 18:2_30:1,TG 18:0_32:0,TG 14:0_36:1,TG 18:1_32:0,TG 18:0_32:2,TG 18:1_32:1,TG 18:2_32:0,TG 14:1_36:2,TG 16:0_34:3,TG 16:1_34:2,TG 18:1_32:2,TG 18:2_32:1,TG 14:0_36:4,TG 16:0_34:4,TG 16:1_34:3,TG 18:2_32:2,TG 18:1_33:0,TG 15:0_36:2,TG 16:0_35:2,TG 18:1_33:1,TG 15:0_36:3,TG 16:0_36:1,TG 18:0_34:1,TG 18:1_34:0,TG 16:0_36:2,TG 18:0_34:2,TG 18:1_34:1,TG 18:2_34:0,TG 16:0_36:3,TG 16:1_36:2,TG 18:1_34:2,TG 18:2_34:1,TG 16:0_36:4,TG 16:1_36:3,TG 18:1_34:3,TG 18:2_34:2,TG 16:0_36:5,TG 16:1_36:4,TG 18:1_34:4,TG 18:2_34:3,TG 18:3_34:2,TG 16:1_36:5,TG 18:2_34:4,TG 18:3_34:3,TG 18:4_34:2,TG 20:4_32:2,TG 20:5_32:1,TG 17:0_36:2,TG 18:1_35:1,TG 17:0_36:3,TG 18:1_35:2,TG 18:2_35:1,TG 17:0_36:4,TG 17:1_36:3,TG 18:2_35:2,TG 18:0_36:0,TG 18:1_36:0,TG 18:0_36:2,TG 18:0_36:3,TG 18:1_36:2,TG 18:2_36:1,TG 18:0_36:4,TG 18:1_36:3,TG 18:2_36:2,TG 16:0_38:5,TG 18:1_36:4,TG 18:2_36:3,TG 18:3_36:2,TG 20:3_34:2,TG 16:0_38:6,TG 18:1_36:5,TG 18:2_36:4,TG 18:3_36:3,TG 20:4_34:2,TG 20:5_34:1,TG 18:2_36:5,TG 18:3_36:4,TG 18:1_38:2,TG 18:1_38:3,TG 20:1_36:3,TG 18:1_38:4,TG 20:3_36:2,TG 20:4_36:1,TG 22:4_34:1,TG 16:0_40:6,TG 18:1_38:5,TG 18:2_38:4,TG 20:3_36:3,TG 20:4_36:2,TG 22:4_34:2,TG 22:5_34:1,TG 18:1_38:6,TG 18:2_38:5,TG 20:4_36:3,TG 22:5_34:2,TG 20:4_36:4,TG 18:2_38:7,TG 20:5_36:4,TG 18:1_40:5,TG 22:6_36:2
2,M,0,ControlDiet,3.945388786,161.2887961,2076.638474,48.26905501,2.8256292,74.96419592,5394.473467,38.47522884,18.21282636,97.60721813,67.29049614,0.272022185,0.188612929,0.148600489,0.978732604,1.424102024,1.236545212,0.079376808,0.114420697,8.32417624,1.836242568,14.31232615,42.32983372,5.59387605,17.87930138,15.397033,15.37112731,0.868320352,0.311194531,0.121645498,1.333275945,0.062478933,0.032955657,0.034251801,0.072560052,0.233185875,0.299049184,0.032931654,0.019730189,0.066535383,0.095458592,1.119794951,0.741216116,139.6334139,6.870104092,4.20062209,0.382818142,235.3905432,47.78006702,59.97208957,0.685266111,0.601451504,0.768771603,3.402219506,44.15718281,0.355174335,0.117640735,3.534962767,0.692949853,0.099579526,2.612472171,0.977601571,2.965261897,0.078427156,0.049458567,0.00547577,0.015411643,1.457812433,4.074641473,1.659042276,1.597853264,1.046100801,0.097150472,0.029578296,0.112744051,0.530817615,1.968089814,11.8150745,9.54148486,2.115656306,0.053862494,1.93980637,2.647133921,4.279186806,153.5590084,590.0654891,24.50130159,0.524088828,10.45140042,17.50492421,95.83177585,525.7937381,194.8533074,457.3524731,10.84653156,0.194104588,2.853907303,50.25808544,623.1038833,222.5125466,27.77809225,1.082481593,18.30093331,42.83254664,18.74327864,3.435738141,3.114639764,3.884023476,2.510690855,12.23860176,8.332927041,1.788714508,3.44650742,38.48930757,1.450311236,15.48422751,50.92254514,3.510994315,0.572961073,1.413979004,1.071277679,1.784818895,0.410085784,4.199584286,7.133898988,1.205869523,14.67408473,0.189613364,2.822887271,4.73061117,0.070056657,0.465994011,1.046376894,0.090866998,0.709121321,3.049242064,0.891629867,1.499325845,0.052261773,0.286176009,6.045407039,1.931035807,0.662770592,0.287072857,0.715837102,0.195145948,0.120014554,0.228410852,0.564035792,0.164693885,0.418827965,2.318270267,1.868867942,1.821579598,0.360573618,0.087442669,0.557064838,0.694364097,0.190661708,0.166365284,0.348466171,2.387164491,0.45841157,0.156785318,0.249249745,0.256799018,2.10698953,3.481575887,3.155100798,7.360045484,2.452094119,7.82277875,0.498375732,6.361685159,72.61731682,4.216577991,0.295287931,1.059620814,1.286717777,0.222022862,0.440696451,0.018379286,0.019106151,0.050580179,0.748770208,0.131226986,0.016877632,0.007955571,0.121737245,0.090482958,2.442235768,0.189430178,4.758586802,6.988009869,253.5732426,9.942523919,11.13733911,0.610548362,28.25269005,11.23800034,0.457937722,7.905874414,4.058846282,3.374320273,16.63779729,8.154935317,12.00134979,8.705895276,33.72925786,20.04891595,4.011197574,0.596042366,4.474755127,2.050788485,1.389279758,4.64138592,0.907495097,20.38562791,1.258824602,23.69890234,9.097476169,0.4798346,16.5649714,21.2622404,9.176274586,24.93874747,1.237294328,1.893495844,12.04899272,10.10962903,1.73853981,0.961698856,1.808423658,3.266791321,1.435262725,13.35288638,13.50700372,15.19116268,107.0455395,16.76091171,150.6518197,12.1051029,115.4417925,18.27112414,184.3223796,109.4614672,51.17085593,51.48509607,36.94380183,159.2429114,9.15531069,26.55703625,4.902515462,42.03676556,15.50244057,3.570566716,4.146364017,4.410438109,0.520577761,2.744500208,0.458233119,2.13933721,7.252908469,3.157756122,4.276397128,3.136826135,1.578210082,1.831596521,5.193308686,1.019006795,2.003788015,16.22658381,45.47551789,103.9861313,26.97073748,11.1222373,123.9037417,25.1572302,9.007019506,33.87766789,73.53506002,8.518950022,7.024459887,7.374035202,10.8662258,14.12851628,12.33310616,32.7358356,1.902402221,9.079161163,4.898952911,3.07537213,3.443650837,1.663265987,6.339114143,2.25019626,7.560623809,2.715109163,4.504845709,10.86845239,8.044685423,6.068805588,19.61563207,3.391548529,3.475268477,7.544147011,10.83683475,31.25915822,4.014549631,8.826775751,1.220619028,1.433926768,1.099046976,0.16101939
2,M,14,Diet-2,2.939595038,182.9965748,1284.159831,646.1247983,1.52858942,70.51771924,2130.882595,1028.22512,1.52858942,67.33933864,429.3545378,0.166650492,0.171090985,0.113340577,0.434784245,1.287286842,1.091017064,0.053789969,0.108468036,3.213424495,0.668229402,8.053922797,12.58344454,6.027021978,4.201885716,3.547537117,4.881221424,0.716623519,0.395875928,0.060342696,0.524290177,0.030579393,0.038236243,0.024938767,0.055662176,0.118933197,0.402284639,0.024026666,0.013081452,0.034899873,0.063127005,0.910788346,1.061813613,103.6310656,2.860824833,6.265826384,0.62052838,205.4373751,34.44038491,39.50882821,6.725923536,0.475243839,0.356278321,2.952676458,15.94575116,5.988240176,0.074364488,1.965978044,2.653937881,0.095119423,1.630940411,0.759498122,1.599498893,0.030205054,0.018546963,0.007772061,0.010774902,1.729272963,4.161904153,0.586447263,0.816063761,0.543341602,0.072398759,0.010890754,0.061755523,0.377093443,6.168025351,6.89914397,4.91276174,0.830474965,0.222439064,3.312513222,1.618900564,2.560647017,127.9681684,428.8224235,36.03518036,0.356796138,14.3978724,18.9821711,120.4452287,552.5627083,151.8819382,171.7001318,41.25704304,1.639371054,2.983565263,46.48385881,392.2093415,290.4020437,43.64434899,6.023294484,1.742035238,32.53519417,94.64110225,7.065228571,1.623559246,1.923723826,1.163163724,5.650980952,3.818941368,1.497688246,2.40058926,16.60885851,5.049785867,5.48664552,24.31532258,1.941527264,1.118724403,2.176799351,1.983732496,1.413572197,0.209952412,2.950382979,6.252158719,1.011557405,9.150603458,3.348154735,1.473909919,5.652695485,0.213381479,0.173254706,0.452582058,0.083692215,0.319440912,1.939841223,0.633908396,1.045398514,0.324740468,0.219157012,5.267350728,1.489297455,3.510792601,0.05112033,0.241604136,1.139159885,0.040235858,0.080064057,0.337459402,0.246918531,0.247448486,1.095907357,1.548530181,1.199656352,0.103137507,0.016265559,0.232650496,0.504680768,0.472149649,0.102689084,0.198284916,0.824814699,0.376472285,0.521639346,0.129203939,0.333776844,1.672101941,1.276693333,3.7180785,7.515114963,2.544671526,3.384177898,0.536988404,7.948269933,35.13332334,4.127471826,0.5080289,0.404814259,1.283623813,1.031775137,0.329179357,0.041839078,0.041248077,0.036070726,0.543847973,0.13506705,0.0199533,0.004943765,0.162231107,0.067943329,3.227036547,0.194437422,10.94168246,7.530687427,169.207407,12.44578301,19.9368406,1.265710441,39.35942126,16.7815723,0.544225615,6.264071679,3.639449387,3.393047313,10.69915058,9.561337456,9.546807271,8.271658998,29.8145604,22.20723869,1.676137832,0.194409225,0.645470463,0.496270835,0.182708854,2.949766985,0.339748526,8.304437763,0.434784192,4.691808947,3.545331784,0.142951471,6.255839514,1.389200164,0.928587602,2.788141458,0.32613789,1.253127306,1.478013336,0.819832043,1.377062024,0.438883302,0.812459431,1.66332314,0.443537597,8.238844451,6.438427585,12.52860115,19.0239276,12.06546952,53.4324755,9.694146525,31.4662315,2.763317196,36.72589269,19.31273573,12.63003306,4.964860104,9.498751136,23.57028258,11.63751808,3.184475254,3.021933866,11.54756367,13.49583374,1.711805744,1.753665718,10.70457505,0.993951722,0.184362013,0.408802725,1.28087224,3.545628859,1.790181866,1.731845093,1.466435046,2.065388928,0.721861892,1.588452417,1.300412655,1.3237736,6.985002055,17.77044959,16.53672324,14.56281775,5.929262463,23.98754636,5.064589132,2.658998985,9.00912643,16.06042512,12.14072841,1.004194056,3.446322751,11.59031428,3.110467998,14.82466525,3.829742299,6.206854438,6.76662026,14.41719848,0.808699072,0.861246698,0.449772061,2.054255957,0.638141944,4.10984787,0.073032295,1.453075479,3.299367523,1.799088243,0.754370169,3.224924688,0.163432026,1.812447809,3.048652998,2.236836694,4.910976521,1.66193003,1.549025639,1.156493111,5.930756738,0.367388069,0.762434375
3,M,0,ControlDiet,5.645831455,210.5401281,2249.379932,47.15110441,2.610360394,62.42252675,4268.624848,44.03422918,17.26492003,74.39074877,53.0194406,0.222648706,0.190005084,0.170106876,1.083336211,1.875016059,1.387785994,0.110532265,0.121765512,7.839200884,3.150488761,14.37341083,28.33773939,3.346700165,18.82518843,7.965993208,20.99276912,0.835772741,0.295040739,0.069439705,1.008327888,0.046997215,0.058110448,0.029907319,0.059718627,0.1306705,0.374849595,0.013489497,0.038476269,0.036124008,0.064855197,1.799364496,0.996104374,151.458869,10.82961567,5.679565725,0.510129792,249.6780193,63.22103168,79.45615962,1.072102762,0.910920824,1.147394598,4.209630614,56.70287828,0.668264729,0.148154904,4.513403367,0.936356659,0.121261808,3.908993181,1.523058911,3.468546977,0.162859996,0.10938292,0.022168036,0.021638123,1.631286435,3.597325127,1.54465457,1.516478187,0.969982512,0.169425472,0.058785317,0.142817381,0.678792784,1.961494552,14.10743211,12.66164342,4.823037473,0.115369613,2.669371668,2.786324819,4.473022572,196.8638072,731.7678282,37.31546278,1.29959285,12.30937638,19.29262495,91.99562698,627.014912,244.0013107,403.1317421,15.46749856,0.310444021,3.358510239,47.51867952,565.9526282,202.1927326,33.2979364,1.337896899,23.85932265,36.37556201,18.82551614,3.453399414,2.414896953,3.671962984,2.614264511,11.93069942,9.616374792,2.249610672,5.158606978,62.17313638,1.995118363,16.02900389,56.29109841,5.427315949,0.98835706,1.70724857,1.066830214,1.47140683,0.415661389,3.797396867,8.760155262,1.845456334,15.84408172,0.451607724,3.838199388,7.214849946,0.108771533,0.635742857,0.917760753,0.111005309,0.506678293,2.837096772,1.174666908,1.460109132,0.04011356,0.317524919,6.167867542,1.600914251,0.535010533,0.291149438,0.449340952,0.159108969,0.10175147,0.265752336,0.587476134,0.179899534,0.487844487,2.051417253,2.196054359,2.010121485,0.262857964,0.119484599,0.682378948,0.629261093,0.215610386,0.117242479,0.328124031,1.602911776,0.426532704,0.157396805,0.359766142,0.47015878,3.328115269,4.283160098,4.504440408,11.47625528,2.949297165,6.239164182,0.322391056,5.555026847,61.74215688,6.68184856,0.478698121,1.557377753,1.611707762,0.128832664,0.318571056,0.020754113,0.020916992,0.051316924,0.695374243,0.109316999,0.021799963,0.008658263,0.131587837,0.087091677,2.758170608,0.247168038,5.144828902,6.215862243,219.4375329,9.869341206,8.103812982,0.640199853,27.8348717,10.39588262,0.439491972,8.988773392,3.696222308,4.064038928,15.35704607,9.208065336,11.38962315,9.021675631,28.82531779,18.55663041,3.125551129,0.625173901,3.859291738,1.903777702,1.246248693,4.315327624,1.238289257,18.7839506,1.647842037,14.66112194,7.249255331,0.48914714,12.96323236,12.47908235,6.22722395,15.92861073,1.142298459,0.99083449,7.602483783,7.846963844,1.326320619,0.575507021,1.120807982,2.215190636,1.032694464,13.28608855,10.24622177,15.24281967,52.02820658,18.46292043,102.0083034,10.64267572,65.57587582,11.08442998,93.65634793,41.86834469,14.68098073,31.43194194,16.16772378,85.38410457,5.973507349,12.90667687,3.092294247,24.16033008,9.81082007,2.303634525,2.417190837,3.266859245,0.397224434,3.450775939,0.551750082,1.638808077,3.432072547,1.660594074,2.323673874,1.455302074,1.103500165,0.995732998,2.386463835,0.326894037,2.778678908,14.19895729,33.79346792,65.09238707,28.57655734,7.901491315,62.03870802,11.45681219,7.379824347,12.17172873,42.49366273,7.140688113,6.946974404,5.810965961,7.119758126,5.693583563,5.903592286,25.37560528,2.324119193,4.239880981,2.947120295,3.511339306,2.98853495,1.805322707,4.380156425,2.30942367,5.164362959,1.582217952,2.371768312,8.702421397,5.176831887,4.253240547,9.325275228,1.953168573,2.067615523,7.365128824,7.450184729,23.24920767,2.280032625,5.934635083,1.010428521,1.609382403,0.879059453,0.108049344
3,M,14,Diet-2,3.136774028,220.5582679,1777.838135,858.368987,1.443567286,67.10417104,2805.609201,1159.133879,3.299582369,83.50620686,636.63669,0.250899841,0.207335007,0.112308462,0.582448631,1.748305999,1.339012582,0.044812973,0.101051213,2.663662355,2.080581297,14.0383706,10.79718034,9.903122723,3.644719372,2.637746095,2.234218528,0.636910674,0.439104725,0.066703402,0.855118887,0.04920546,0.028611175,0.043084781,0.053429929,0.130286457,0.367792812,0.045749076,0.014929657,0.036724075,0.052205793,1.343815765,1.570353666,135.67271,4.56559982,8.823364218,0.958171419,383.2427787,54.0583022,77.01670411,10.46953963,0.823838418,0.611299058,4.200887046,28.60966144,10.47205672,0.083549651,3.663025129,5.292243322,0.097459873,2.899022745,1.468566169,2.775773762,0.060719223,0.042039782,0.016648107,0.017619615,2.049306213,4.591699135,0.935708254,1.448139943,0.769804027,0.172890712,0.04220167,0.139970934,0.610125469,6.997594619,9.607200375,5.977461112,1.511621916,0.38013004,4.444952521,2.973000395,3.370703538,143.5030181,488.4591714,48.76576965,0.678612169,20.82444321,27.87373328,173.0928281,724.8951047,225.2203163,253.2385746,54.12202902,2.227204617,3.79331432,64.05390364,405.4958832,315.3062708,63.50749928,5.832278243,2.999136662,45.16166403,87.6583782,9.277276541,1.611680631,2.24414479,1.343728046,10.80204105,6.634646754,2.323074827,3.678716841,24.536091,8.956995574,6.374270707,40.06205758,2.790884226,2.557277376,3.906590094,3.78082327,1.274924881,0.337760992,3.768015754,8.65508818,1.663357467,12.26053412,2.201775741,2.371996558,8.164605011,0.270000299,0.29901724,0.667132534,0.093924434,0.436398031,3.301908574,0.946296823,1.089792485,0.30953482,0.306966574,5.493845586,1.661696079,3.10517276,0.025886291,0.383148136,1.006670992,0.054463126,0.180184894,0.629627985,0.579159909,0.475492446,1.473724914,2.662415262,1.964423008,0.20953628,0.140519758,0.182263951,0.486295386,0.693956439,0.117405542,0.296163633,1.080742475,0.520090245,0.646464266,0.157668409,0.388601887,2.024566328,2.007611405,4.855048416,11.00325005,2.988776406,4.00049554,0.705795083,11.82970974,54.264417,5.362458523,0.588967,0.55109688,1.833111831,1.045141062,0.435554297,0.043099527,0.050902945,0.026826107,0.607494961,0.132796299,0.021741128,0.006421341,0.188946211,0.042099475,3.289612474,0.199547829,12.49965553,7.557848434,195.7281969,11.15335238,24.49954097,1.475937608,34.95187671,20.69358058,0.524616359,6.570976972,5.136893242,4.037967999,11.89063556,9.774261985,12.54306486,11.46753276,36.85421221,23.55691796,2.499382298,0.286380508,1.350994871,0.739232619,0.296608383,4.982925319,0.580720451,10.62998598,0.486878701,5.657805898,4.018958024,0.105900296,5.808739367,2.636722367,1.174096406,3.495753145,0.399205513,1.129328659,1.381379141,0.846996495,2.200585071,0.713245061,0.965439791,2.11478235,0.961888764,10.11630882,8.35513937,12.90133304,20.30587436,12.22355772,41.41821765,9.916805961,22.45075093,2.802199041,28.7502317,16.51710323,9.598084897,4.771146395,8.229380281,15.39022022,8.98965207,3.302484755,2.145991644,10.3447574,10.44050095,1.537686065,1.47667738,7.125101952,0.985490664,0.257394308,0.475155236,1.295199225,3.515347176,1.390730837,1.815119722,1.412996781,2.275579436,0.464467584,1.364011705,0.598191413,1.422072635,8.601881886,19.72183689,21.13751603,11.90782664,7.366458026,21.69504481,4.531505906,2.555239688,8.967896551,14.26712602,11.61836937,0.985490664,2.671467913,9.287125076,3.929374572,14.6086856,2.913276061,3.316734959,4.68208262,11.82232541,0.916466239,1.055851046,0.632352798,1.495380772,0.637696625,2.831337388,0.095743557,1.404981041,2.732476599,1.388504243,0.859020104,2.42822494,0.256058351,1.747431254,2.696851089,2.591755835,3.9241499,1.46465377,1.319873476,1.039374247,4.659816677,0.396779115,0.782253371
6,M,0,ControlDiet,4.451903624,213.3494764,1855.427163,43.0808959,2.395091588,64.35813703,4126.259808,43.44450119,17.03337039,61.41492402,40.75816357,0.186836732,0.149200556,0.162930079,1.259683779,1.806752484,1.184219406,0.08552149,0.087825745,7.004376894,1.867710435,11.08224219,23.78415399,2.970936817,17.19811462,7.328306521,20.82062138,0.871920752,0.439992823,0.079760851,2.031105379,0.068215569,0.062526938,0.045581058,0.07056783,0.167418577,0.45158611,0.041836642,0.023090562,0.079472819,0.102419365,1.903492443,0.889547658,167.3964507,9.649145652,4.896795582,0.492995932,216.0124999,61.3216019,78.60427996,1.087205288,0.924080336,0.977954846,3.22452194,41.47317236,0.680320255,0.157649183,3.223815389,0.617083944,0.179861379,3.27451042,1.555516096,3.247264049,0.102847324,0.111149298,0.013115352,0.014970048,1.53351018,3.683746721,1.7843641,1.739786539,1.089416734,0.084650857,0.052349872,0.102719607,0.403648227,1.296208258,16.26622202,10.9064717,4.06497995,0.259829043,2.339302705,2.665442763,3.366794561,208.2067516,665.6394381,26.41801777,0.853186431,8.752809245,14.36657588,68.78927264,591.206815,170.4927471,358.0202375,12.05294097,0.248738966,2.551865073,33.6020323,448.6904472,144.3769922,23.0723479,1.042008385,15.56011296,34.67305845,8.797934388,2.970106313,2.525906643,3.408845075,1.843690966,8.608240524,8.024627108,2.26667417,3.544679404,46.01358814,1.902873738,18.61644654,55.191155,3.873129257,0.73370423,1.219158988,0.856306949,1.707871934,0.454417837,3.38030151,6.459733042,1.446237885,15.55194455,0.303042104,3.619128241,4.81205346,0.089730199,0.511977848,1.027257728,0.053077089,0.537130355,2.69739233,1.164556987,1.656600352,0.046962217,0.210596191,6.258204584,1.268591342,0.458778462,0.275739961,0.47026584,0.156255362,0.116182568,0.249405245,0.81710996,0.175496826,0.506433698,2.989316318,1.534139849,1.967684273,0.281528706,0.186952019,0.591675013,0.540106259,0.154991622,0.155032388,0.371295027,1.691128996,0.506882122,0.127352401,0.426843283,0.223755481,3.648897464,5.008509034,5.826058099,11.43875644,3.435779588,8.489218611,0.362860106,4.051855344,48.92497757,4.922125557,0.380928856,1.435475569,1.406268548,0.150985447,0.334284235,0.020368841,0.016934445,0.047682685,0.636711369,0.096826226,0.024001186,0.009234271,0.091252127,0.114070085,2.689346583,0.205282802,4.383077487,7.637060152,234.62577,8.724302347,6.418861008,0.432496854,24.85098274,8.958196267,0.367274539,8.592301052,3.581335631,2.909939881,11.38034811,8.549995218,10.45939326,8.313657924,24.92442188,17.88253999,3.03055526,0.496947387,3.140793449,1.878586087,0.982313795,4.773393166,1.433932194,17.92652036,1.612740924,14.24146068,6.686921177,0.508647758,11.98931999,10.705919,5.279852079,14.13486632,0.71523492,1.183657562,5.706316026,4.530228885,1.351631626,0.453926636,0.965758168,2.013100555,0.608750898,13.44016888,14.17854133,16.15527804,45.31935715,16.76625553,72.06417178,10.10205861,57.89011741,10.52484183,77.39330273,32.13976483,11.21237791,25.41256675,12.6802173,53.52777374,3.908118421,7.099718777,2.191859488,13.26293197,6.972357579,1.821354187,1.619179419,1.953613892,0.332207879,2.500910785,0.318848312,1.091238677,2.94133115,1.382715098,1.952277935,1.29097941,0.771737605,0.609196217,1.3898402,0.363029876,3.448624637,17.72466906,37.35112039,59.95807328,23.76266033,6.059558431,53.05662637,8.044840757,5.329130942,9.846339706,28.38061703,5.892904634,5.396374091,4.401086412,5.222254412,4.151840808,3.389767254,22.39508607,1.865886074,3.265968607,1.882362872,3.335438351,2.553458412,1.782611445,3.467698056,2.7159998,3.832414213,0.997068954,2.265337102,6.407247931,3.563441614,4.110738508,8.912419282,1.655695566,1.679742785,6.477162994,7.227970612,21.29292187,1.255799219,4.670955225,0.787769085,1.155157154,1.013991072,0.093244793
6,M,14,Diet-2,1.798127672,137.1425102,2160.312916,961.7233396,1.722150447,68.3541773,2043.304371,1970.644817,2.078519815,51.44200867,329.1206784,0.252820054,0.113604606,0.117493037,0.563390516,1.802143973,0.919374017,0.042820752,0.0793048,1.617818553,0.201764556,9.08310714,7.228354062,7.115439952,1.419756099,1.79089077,0.679335708,0.804521273,0.564926686,0.064855197,0.543036257,0.020354259,0.042796749,0.046181124,0.051797748,0.129902414,0.394291752,0.020402264,0.028107119,0.070327804,0.086577607,0.916617391,0.831345522,84.34350508,2.140451971,6.912099714,0.522273637,275.3835796,35.29676883,53.40478672,9.480279972,0.627814687,0.435235391,2.588979352,12.04192463,9.189490093,0.148552339,1.5035846,1.54580102,0.244422472,1.615661246,0.882040554,1.530301059,0.030646648,0.018237847,0.016736426,0.004327625,1.378329799,5.405870452,1.131260766,1.724226446,0.605581971,0.087126028,0.025370505,0.064725728,0.228628441,5.362692675,8.64549662,4.357034061,1.311411075,0.548572024,2.527192906,2.497732136,3.304942095,121.4206806,546.3350873,41.77166316,0.575743293,14.78126487,24.0853431,113.2865185,967.223378,251.0438629,186.9742807,77.73319702,4.876940019,4.342048236,47.91897353,332.3426505,564.4386832,50.38633666,8.47391649,2.046265231,34.8670199,73.70657013,7.589052709,2.052244424,2.00034276,0.875970677,8.692989576,6.762807725,2.159056272,3.369918514,18.78265049,10.44617975,6.422996571,23.35137825,2.738167591,1.351259746,2.572453126,2.547174006,1.56512942,0.253434523,3.355292197,8.531891955,1.461080111,12.71564295,3.211526668,2.230863351,7.2278035,0.188041832,0.164082398,0.615930672,0.129716818,0.745851319,4.281674129,1.409885651,0.902595871,0.521761644,0.332200612,6.172433313,2.961432502,2.371184292,0.034324815,0.551322871,0.895421088,0.057194436,0.145615485,1.111724493,1.083677613,0.444795788,1.448817002,2.334902719,2.517533562,0.211329976,0.182263951,0.208965559,0.737005137,0.569783772,0.121930547,0.468073068,0.691143598,0.735333739,0.771696844,0.092200129,0.346771493,1.398224242,1.308994318,5.949569145,11.59407343,4.334968489,3.524272591,0.926580359,12.77287374,53.32942106,5.292658694,0.618050262,0.331425431,2.074936063,1.094025695,0.432411682,0.023741184,0.038010405,0.040988558,0.623095769,0.104182827,0.021403833,0.007519792,0.115815777,0.074008094,2.888033261,0.165343254,9.096049599,8.402495045,209.7668534,11.53603284,18.21750468,1.09032174,31.86206038,13.08842858,0.442972699,6.857913476,4.098530857,2.953660943,13.73502263,9.194047564,13.50665641,12.97986072,28.23253058,16.41809443,1.006948249,0.092767227,0.405732251,0.314198736,0.03852367,1.297308475,0.299314591,4.463691511,0.235877886,2.111837359,1.662129225,0.100925649,3.648497519,0.905425643,0.466741328,1.432590811,0.316785553,0.509890108,1.082570178,0.358927011,0.602927278,0.204159534,0.331988076,0.619721688,0.313504486,3.800351254,2.88012192,4.716817492,6.69026414,4.605933093,17.06417386,3.696591957,8.821321536,1.173220868,10.5170958,5.471594893,7.1890024,2.359744703,6.037351604,6.689134777,7.879026803,2.393588937,1.730509137,7.122875358,7.579772521,1.252236668,1.289643453,13.55105328,0.919138152,0.096634195,0.23690964,0.385833661,1.269158785,0.513897978,0.70672105,0.469366091,0.753034213,0.245816017,0.484506933,0.364940141,0.480033586,3.961928665,11.53999325,8.221500439,6.190822959,5.42873333,14.25465709,2.355435898,0.921364746,7.136032354,10.90007003,12.25873791,0.392325926,1.183212243,8.728695211,3.490690256,14.5285282,0.874606265,1.826698013,5.319779245,19.31570607,0.663525119,0.720971254,0.419490377,0.770846967,0.175010317,1.082124859,0.005789145,0.292574499,1.542139254,0.716072746,0.346012764,1.070902318,0.029391046,0.538390516,1.699782135,1.394293388,2.373104269,0.506327557,0.735531482,1.090585918,6.718080503,0.161650751,0.271177985
10,F,0,ControlDiet,5.942504431,318.4784399,2002.177175,83.37053324,1.912093511,76.65921165,8893.505097,76.24676385,27.1473863,197.2278327,93.22586479,0.251403897,0.46195526,0.236546248,0.771877651,1.496830094,1.395634865,0.076208456,0.128918305,5.862278442,3.089404079,13.88288232,30.32576814,4.623925338,20.67438835,6.388898701,19.71554395,0.855742957,0.248403564,0.041596616,0.71527937,0.034947878,0.027339034,0.035739966,0.054366033,0.137727283,0.331860825,0.039196349,0.029499273,0.059982656,0.096466704,1.146511409,1.215488447,209.4588865,11.59419212,6.787040194,0.575574075,403.5240148,74.79694179,77.98741681,1.298287387,0.792794336,0.658328856,3.87083943,78.35720792,0.868616085,0.106512557,8.191619342,1.183561175,0.154337225,2.904366036,1.055145539,3.55505531,0.054271946,0.063457108,0.010774902,0.018149528,2.85107151,6.175674479,2.805022048,2.329387875,1.402300752,0.092323888,0.043191738,0.105318537,0.31862406,3.256740189,14.28854954,12.2272884,2.707321711,0.073366089,2.859180834,2.85488927,4.132202874,293.7663221,594.4423736,34.26044028,0.887501996,14.96614164,15.83033488,162.4516696,571.9362488,133.1505919,535.2006735,17.4291718,0.355855835,2.478214435,57.86356751,757.5410374,262.5031626,33.94489567,1.53901711,35.91749179,75.28263284,23.08941718,4.299016951,3.858083316,3.786731968,2.447911407,11.03559314,5.082063589,2.367174311,4.11729706,31.618999,1.323406967,13.3725627,40.23426467,3.766502649,0.576625683,1.24109739,1.084160462,1.10389838,0.338394739,3.118869599,4.776428881,1.473022028,10.46052356,0.231302198,4.100638584,4.095544399,0.081703517,0.714787769,1.231168325,0.100120837,0.554781952,2.459156917,1.049026672,2.246074012,0.129023799,0.239009963,9.421713222,2.525686725,0.775121173,0.338437781,1.292954398,0.385766891,0.145207827,0.198937169,0.383402473,0.140275163,0.31956321,2.264948583,1.733036252,1.938292122,0.367055382,0.06514377,0.586986945,0.964519141,0.13786998,0.209291685,0.393838522,2.434004411,0.73765739,0.19025405,0.358281039,0.460753129,3.329476613,3.793818741,5.060858906,8.660005427,2.496888073,6.725411574,0.36162252,5.218156039,76.82622178,5.09662513,0.302960962,1.987315,2.748925195,0.222641654,0.305641963,0.006941185,0.013395879,0.033593078,0.621438491,0.086491164,0.017626614,0.005533836,0.068104814,0.057110405,1.888476276,0.126284399,6.463683411,5.767787781,268.6294512,9.557570505,16.13531334,0.634831273,51.87950741,14.36852197,0.300419693,7.959528174,3.910620353,2.994130488,11.80034916,7.085886243,14.47190975,10.10380097,34.6141706,16.87107127,2.720614822,0.583506254,3.204070965,1.738698999,0.858464971,1.733445771,0.461328911,18.29102273,0.572164057,20.79251428,6.741841285,0.431878998,18.98394351,14.06018452,5.537698009,19.64969523,0.600619041,1.77281443,6.907341024,6.723869649,1.094740829,0.668353842,1.23259826,3.156115363,1.063421466,9.780983705,5.400517129,8.404057753,83.85675746,9.827296868,153.6590581,5.248973545,82.17380082,12.9752338,126.5636313,61.38412563,19.9412526,26.51962947,21.6743004,78.51639692,6.465584703,9.520472165,3.035738751,17.64709626,11.49100817,2.101905076,2.109475497,2.618920286,0.608305579,1.93446518,0.751252937,1.60517946,4.892273128,1.783502082,2.615803054,1.796861649,1.004639375,0.918247514,1.914425831,0.140404451,0.458145137,8.221460642,18.89087187,78.66469796,14.0542636,3.598819194,84.75219709,16.10667491,5.773559176,13.87890837,36.30951955,7.353105215,5.393256859,5.996663931,7.385613493,5.489424029,6.982599913,22.41289883,3.25305436,4.580995237,3.022379184,1.815565041,2.633615809,1.35822256,5.356740712,2.20299246,6.059453892,2.330353657,3.531823974,7.227970612,3.530042699,3.307828581,11.59980346,1.973207922,4.197130369,7.113078343,7.646570352,21.43141604,3.248155853,4.412074568,0.674212772,1.26336964,1.304338976,0.060810091
10,F,14,Diet-2,3.02280819,253.1615426,2167.939582,1192.712195,1.599139701,107.9473567,4788.4357,2378.732968,6.441783342,200.534651,1829.773996,0.292880499,0.284551575,0.153281009,0.574167712,2.121643426,1.271013037,0.051845753,0.088041769,5.314367353,2.089836552,13.33312018,16.9685843,8.827662105,7.156163074,4.478615213,5.338431015,0.820555052,0.304497788,0.065167231,0.730737085,0.058974544,0.048965433,0.035739966,0.066007324,0.18546858,0.486485982,0.050549609,0.030315364,0.101531266,0.115740843,1.047594275,1.7333903,163.1977274,4.452463347,10.21460722,0.889989252,372.9035977,51.23757413,55.71154313,6.90379774,0.67444705,0.517946012,4.064081117,34.37003893,10.38197147,0.091145074,5.399109154,8.119948579,0.099535366,2.638040484,1.554853704,2.949187863,0.045837493,0.044998464,0.020225021,0.011967207,2.500759162,4.982804158,0.937180155,0.988696677,0.505072186,0.092323888,0.037622603,0.112867809,0.461259242,10.0842376,9.10246059,6.450747977,1.325694491,0.181710251,3.827054988,3.693633879,3.981375842,156.4306214,467.0563069,39.74664759,0.630347887,21.82006604,23.74630031,89.02729207,679.1086099,167.4061105,335.4063443,68.0003773,2.097911959,3.884780526,68.68047919,503.9490066,476.6974427,95.01654234,7.336014838,3.848090999,64.09454373,207.3893604,16.68983446,2.93734246,2.290097632,1.50234588,7.940148619,5.074771459,2.781488617,4.073832089,26.56803839,6.677340728,9.457943618,41.80361172,2.944377174,2.23421168,4.060903885,3.784659336,1.335999582,0.271390085,3.0890913,7.471156301,1.542152484,12.98684935,3.66644888,2.734493999,9.439649954,0.379056986,0.286339072,0.590085147,0.078922614,0.543979012,3.029062986,0.90483799,0.961584002,0.317524919,0.187196614,5.804358785,1.818481397,5.080969429,0.045535413,0.681640516,1.934093243,0.115897207,0.130654431,0.437417176,0.398852717,0.298813411,1.692637331,1.868827176,2.085171347,0.142517283,0.057357499,0.377043007,0.648828683,0.820208162,0.172765516,0.428244868,1.321301538,0.978827941,0.975159018,0.099996919,0.405309293,1.623712343,1.539309003,3.813372593,5.854770086,1.805668754,4.990069008,0.516815758,6.20315044,49.78448079,4.554562626,0.665202275,0.404195466,2.359704516,1.217784257,0.285995769,0.032072246,0.04264719,0.036815718,0.561035518,0.11315529,0.020904156,0.006660181,0.133206148,0.081011846,3.939335483,0.199054132,16.20404489,9.719538974,298.0736955,16.47747022,50.21147733,2.298742163,66.86433529,27.23187553,0.807698035,11.49749661,6.079943185,6.53868621,15.028256,12.90765302,19.76778,15.10897823,49.59315172,20.88458912,2.199112575,0.249050753,0.839919485,0.660314811,0.188996808,5.057545032,0.441788496,11.15634348,0.741700044,6.018845916,5.148203008,0.181873113,6.680228399,2.188645917,1.178076124,4.439829154,0.330157406,1.214829883,1.342636399,0.841207349,2.769207179,0.992024307,1.498443423,3.49952523,0.829629059,19.29210417,14.20202167,20.69931181,35.25019304,19.533467,94.3069588,16.32049134,42.59875798,4.287230815,52.33699107,31.69332007,17.47923985,6.272761631,13.22420496,29.13409656,11.63885404,3.980705397,4.324936885,12.1264782,14.38112765,1.752329761,1.736298282,7.500505762,1.629421753,0.219987523,0.956099618,2.976669879,9.710623323,3.553644599,4.487032955,3.103427219,3.685904304,1.074554438,2.85850184,1.236498384,2.52222588,18.01104957,33.32632843,57.09024869,31.96454332,12.71766645,61.60719403,9.800453558,3.744686395,20.23089648,21.62958293,17.19598824,1.540803297,4.359671757,16.42157872,5.228792297,16.91855459,5.801614265,9.266195089,7.635882699,14.80017271,1.926004122,2.820649735,1.246002204,4.051511098,1.697110221,7.933355705,0.330426603,3.231233735,6.645048208,2.78324295,1.79240846,7.168626244,0.335325111,4.412664703,6.887301675,5.440015341,11.26701278,3.865813128,3.074769927,2.023974273,10.22630258,1.580881996,3.614578878
11,M,0,ControlDiet,3.777153501,156.0662663,1812.550682,30.02547596,1.562960069,77.24713065,4943.380397,30.19009329,14.35245971,76.28837043,33.85870789,0.259492794,0.327348324,0.177091651,1.141878707,1.454057348,1.260067822,0.069799745,0.104819631,2.959830511,1.582648585,11.88744937,23.24920026,3.050532009,11.61534488,5.994625074,14.6991958,0.71410324,0.296936949,0.061254797,0.692548848,0.025178794,0.031755524,0.026474938,0.039604395,0.189693049,0.245403231,0.030843423,0.011929324,0.030483383,0.048581391,1.111846253,0.832979421,125.5577265,8.999781161,4.541532927,0.416467631,220.625792,50.76113799,77.42813757,0.759542281,0.533136858,0.695599419,4.604195166,53.77197242,0.44702596,0.109250442,3.375900483,0.842694497,0.115874357,2.489753102,0.918648725,2.944904398,0.06721066,0.06173489,0.019695108,0.015941556,1.305786126,3.862056968,1.640538382,1.966248963,0.859169422,0.103585917,0.025370505,0.087621062,0.369404568,1.809718632,11.30674963,9.134255841,3.018648974,0.067207413,1.774193814,2.117253958,2.747047883,270.0763108,475.2626206,26.80840394,0.548839542,10.34332791,13.4709291,71.00746603,483.0479097,110.580688,337.49703,9.503534435,0.170931693,2.261951455,61.85667603,602.1825599,142.8491984,19.10154977,0.743407206,14.20343951,42.29086287,12.94319029,2.62686818,1.951802157,2.593028271,1.77169007,8.218483982,5.637187088,1.56983163,2.370541501,29.97269522,1.435243589,12.07391878,44.92836015,2.663085858,0.600363125,1.249257939,0.744651205,1.438188244,0.319298198,3.297761297,5.122691353,1.091522079,9.254230836,0.203165426,3.419421201,4.823675055,0.03957175,0.319155552,0.659753921,0.054340829,0.175211465,1.77229373,0.912746558,0.869290201,0.050264248,0.230449142,5.36372111,1.087183473,0.479569027,0.158375184,0.341622468,0.120707573,0.061882504,0.131755108,0.422456123,0.190213285,0.342677426,1.725005387,1.329332404,1.351712835,0.24740772,0.082754601,0.404886057,0.529181022,0.138155341,0.143944087,0.263591748,1.578248459,0.310513199,0.098694034,0.204820421,0.333653085,1.966152286,2.149314959,2.921815908,7.054980627,1.622750182,5.594505828,0.355187075,5.507998593,56.19059527,3.715603329,0.273630182,0.781411565,1.671111873,0.090962544,0.459479527,0.015836705,0.016911984,0.031657065,0.539193778,0.1080268,0.015793694,0.005720483,0.084427323,0.088156843,2.300638284,0.172083559,5.016204444,7.549474669,207.6277618,8.807899832,9.157623683,0.547238231,32.59052345,10.53609434,0.392600817,6.257333645,4.26602025,3.438016742,18.90466171,8.062321219,11.37723877,10.36814078,32.30122282,16.45807154,2.184705996,0.460413576,2.16898611,1.178991459,0.772542859,2.604247868,0.699753817,10.99982117,1.020081319,11.21404939,3.94577101,0.314954883,9.507557918,8.80110657,3.952417139,9.490635801,0.581834772,0.879059453,6.3404501,5.155456581,0.871438851,0.33433611,0.816757526,1.649195141,0.49742118,10.23966214,8.217839099,8.477980686,36.62685709,14.01997405,74.84073495,6.483397458,60.77801029,8.069037443,69.82243658,29.82110153,11.38462011,24.40436482,12.13061825,58.80702896,3.124802525,9.260405944,2.039560434,15.42450977,4.908749926,1.464208451,1.653023653,1.787509952,0.316621718,1.49627141,0.198612217,1.048695491,2.340595991,1.255799219,1.443278464,1.426356347,0.675994048,0.579805171,1.400973171,0.225291836,1.808781833,10.51409659,27.03219149,38.07523566,21.47461197,4.774427893,52.55742391,7.77863742,3.92815777,8.831193238,30.83521466,4.124988712,3.751811497,3.64003646,4.345421553,4.20727828,3.455229128,14.09612358,1.036257015,3.231233735,1.860096928,2.191414169,1.671281727,1.266041553,3.159092078,1.327940876,3.458791679,0.805581839,1.294541961,5.146104885,3.264632651,2.839353128,4.969036103,0.970349822,1.32259705,4.265264156,4.892273128,14.14199142,1.292315367,3.004050338,0.534827965,0.630571523,0.448881423,0.043339129
11,M,14,Diet-2,2.056812036,136.8440282,1722.888511,1129.166291,1.666072018,73.83358245,2811.463065,1431.347616,3.163908752,56.50534807,549.219465,0.125749954,0.189597038,0.097858859,0.50259177,1.650927193,0.848518155,0.028251135,0.05208578,1.965816137,1.528968106,12.37242472,13.71073458,14.63811112,4.101928963,3.977906217,4.040844281,0.962194769,0.249339668,0.056886312,0.481949479,0.034923875,0.033555723,0.02568285,0.057990435,0.170130878,0.447601668,0.027771082,0.027267026,0.04262873,0.0757044,0.699132174,0.86671723,88.18776053,3.111782902,6.444672095,0.532121191,318.9777738,34.30662598,56.43253422,12.10224642,0.495159744,0.38997197,3.463159526,18.36780785,9.829669422,0.078294678,1.610406274,3.675919684,0.117596575,1.739219345,0.844505034,1.898369949,0.03051417,0.0250384,0.015720759,0.010509946,1.557270861,4.376591372,0.905849699,1.510590584,0.617146905,0.048513357,0.03440488,0.042696704,0.246651989,5.858071181,9.598419106,4.32874982,0.905537641,0.344532376,2.003872479,1.827819497,3.224915899,108.0899945,539.1746298,57.67853289,0.367845854,14.67843588,21.32094963,143.9982829,718.3067359,243.7949737,113.3645372,54.61420998,4.109395674,3.691399499,52.64387532,327.9127639,430.9249972,58.41763272,6.051691593,1.784172583,26.9897799,96.35648228,8.430160298,1.869869372,2.41785136,1.107966465,6.396684971,4.534669079,1.663736076,2.220345368,12.64168415,4.806182193,4.303312444,23.80427959,1.364990976,1.250810912,2.35966645,2.325305413,0.798140877,0.209113338,1.849503008,4.504638158,0.642124974,4.65607698,1.561426787,1.686456839,4.992475982,0.255937866,0.277533656,0.473087263,0.188052696,0.65820482,2.700042108,1.681956688,0.562242096,0.330121556,0.335869535,4.222359871,1.91212047,2.137555417,0.02804688,0.28581034,1.044420135,0.05637912,0.105420393,0.5095319,0.659876219,0.269788152,0.799213768,1.112784404,1.153101793,0.113655087,0.047981362,0.161717981,0.42082549,0.588128387,0.088054157,0.209169388,0.656207296,0.39453154,0.564606513,0.041706636,0.154821962,0.706661393,0.77064457,2.100677844,5.356394354,1.855031465,1.936945265,0.241329197,7.286532898,23.86522996,2.406980287,0.251972434,0.147025173,0.902694957,0.652455143,0.219594901,0.024082151,0.032549483,0.030818452,0.503051962,0.09404425,0.017797643,0.006467255,0.128432258,0.071716181,3.324728808,0.152182422,15.38625805,23.34579823,243.1658924,13.21237052,30.45915611,1.528858581,39.0823038,18.48431863,0.546694946,9.100283338,4.705498132,3.999390322,20.07366783,10.47531733,19.18429895,15.36454222,45.91105187,16.78629222,1.604662097,0.19771239,0.817513672,0.448275436,0.206985133,2.029298008,0.464711671,8.394618173,0.46614437,3.430755703,3.454315633,0.166232821,9.818835809,1.656796402,1.012997421,4.047503228,0.786591264,1.444614421,2.237282013,0.49341331,1.310322153,0.279933364,0.863797793,1.453233826,0.666642351,9.164662386,6.663719421,11.45226543,27.41476504,9.859359827,54.53953821,7.466661527,41.26235604,3.728080435,53.36434171,28.43086664,23.60868213,7.535685952,21.6164751,27.92060264,26.36510382,8.326572269,5.600330135,26.75832038,29.41197554,5.53486826,3.791890195,33.78099899,2.211453518,0.200393492,0.380302317,1.361103355,5.200433788,1.956731124,2.68081961,2.019966404,2.985417718,0.96723259,2.225258404,0.496987184,1.384902068,9.777928354,27.98740047,31.35735227,19.18745424,18.25624,44.56350484,8.066331234,2.891010117,23.92335843,30.97237287,34.90364787,1.648125145,5.056150473,31.73698537,8.562840853,44.38849453,5.235613978,4.82458466,14.12818653,34.94239061,1.744314022,2.946674976,1.209931375,3.454783809,0.994397041,7.147367896,0.13804885,1.900175627,5.142097015,2.852267375,2.042232347,4.154308233,0.168330534,1.767915922,5.110924694,4.37837515,9.878953857,1.895277119,3.270174081,2.668796,13.45174717,0.623001102,1.516391951
12,F,0,ControlDiet,4.55139761,251.0830228,1661.352386,41.14709461,1.63351035,59.2785168,6686.748389,43.31968146,23.75916383,165.020725,78.61472072,0.296096856,0.321803709,0.179443912,0.761532503,1.565885757,1.063990064,0.059814637,0.120541376,6.012213571,1.029184343,14.05132796,23.49724109,2.756214904,20.19126405,5.11445085,14.28270933,0.752867541,0.266285548,0.030243356,0.454154395,0.035499939,0.023234578,0.035739966,0.040924541,0.163314122,0.200758277,0.027771082,0.011281252,0.032187572,0.057990435,1.324915527,1.29029453,198.1205983,15.24851784,6.199808029,0.566653869,277.5274319,61.59861404,51.02181114,0.956051767,0.642608097,0.503550037,3.064885582,55.8902122,0.564092622,0.094192075,5.86680173,1.06048883,0.114682053,2.80014977,1.124829127,3.595107918,0.065576761,0.065488442,0.023007066,0.017928731,2.000312949,4.68800349,2.256844201,1.953212129,1.150605746,0.113486602,0.016583647,0.092200129,0.316979535,3.427704667,13.94059037,12.22018198,3.429674299,0.088877325,3.533764691,3.077410204,2.941599348,211.6035922,576.7222416,29.91832482,0.981533564,13.50541413,13.85424543,134.0838815,474.2801322,153.1307931,424.9205397,17.4689714,0.346036305,2.229942963,49.37741297,764.1645762,298.1699191,31.41235678,1.420480252,30.93261056,88.11428929,21.25653732,4.651503037,3.447794919,3.887135533,2.000602698,9.289012304,5.218588392,2.05269479,3.005284135,36.20548578,1.716844299,10.86344279,57.95514406,3.072364192,0.669468732,1.250904266,1.334416687,1.012353624,0.326715147,2.400494385,3.731103116,0.839701261,7.315477985,0.188128048,3.176060658,4.620607943,0.070644155,0.521190922,1.149310572,0.104645843,0.465300992,2.276689137,1.21058159,2.099072489,0.071992426,0.203829066,7.677181011,1.698466842,0.399871862,0.472475775,1.266425128,0.234321894,0.121359826,0.142435751,0.288173534,0.10778481,0.29852805,2.052844057,1.732710126,1.966787425,0.292209349,0.040725047,0.488619037,0.700315905,0.175619123,0.132570425,0.192903828,1.836785247,0.511325595,0.130287539,0.335509464,0.371028171,2.997679906,2.990378151,3.707559022,5.587575349,1.474148759,5.567897737,0.412982324,4.763838355,65.27645391,4.149005816,0.250982365,1.373101254,2.563782386,0.152099274,0.471409438,0.014858568,0.021767764,0.038125095,0.558818807,0.122171288,0.017288175,0.006552347,0.072892957,0.039113894,2.02957103,0.137771377,7.144026107,7.31828084,262.5316198,12.5399488,11.85699218,0.770280656,43.76812765,16.01348875,0.297226258,8.318278795,4.110499021,3.373874507,12.75570212,8.239165966,15.37203072,10.92017632,29.37886117,18.467314,1.734480498,0.295693048,1.895579483,1.099198113,0.409194605,1.077946419,0.292310287,10.62226533,0.2695463,14.58256231,3.483526764,0.255497896,13.7073602,11.10568167,4.03495649,11.83078647,0.354035714,1.26336964,5.634619688,4.098269579,0.778830813,0.496231038,0.9483668,2.29303392,1.160946299,6.938513345,3.431352661,4.894499722,40.27012973,6.526593388,134.485854,3.499761015,57.6892786,8.622417231,94.4980006,38.45052307,9.762009482,26.81220397,14.39722684,58.59283059,5.245410994,6.934060156,3.261515419,13.30479194,6.923817822,1.718930846,1.612499636,2.04490426,0.48183502,1.74876721,0.652392148,1.214888515,5.564704625,1.892159887,3.023269822,2.101014438,0.957435575,0.87638754,1.878800321,0.106537051,0.360045088,4.40570702,14.34728342,58.00331539,11.37656122,1.7669152,77.17821371,9.367380644,4.322264972,10.52961749,40.96978155,7.225744017,3.695701319,4.665605822,7.371363289,3.840228888,7.380269666,21.20563937,3.144841874,4.136121683,2.626490707,1.782166126,2.811298039,1.399637215,4.538689944,2.200765866,5.057931748,1.371582126,2.54232544,7.670172252,3.018816633,3.036184069,8.520456856,1.465544408,2.513379714,7.605155696,6.342676694,20.10659239,3.24503862,4.091110311,1.055405727,1.867667349,1.052288495,0.042383997
12,F,14,Diet-2,1.602757664,244.5001389,1753.633962,1128.661585,2.07309287,96.33550409,4044.911716,2951.606676,3.789816372,173.8919706,1549.177439,0.330324654,0.357519672,0.156905411,0.696293263,2.049755449,1.424366053,0.082017101,0.135183,0.877398163,1.334607754,9.801314919,15.1712138,15.34151049,3.331891757,3.180103714,0.551613191,0.764100788,0.317603242,0.07380819,0.586505081,0.04812534,0.034923875,0.030147345,0.044188903,0.142719837,0.284935618,0.056910315,0.03523591,0.049229463,0.084849415,1.405329858,2.045729983,140.3338709,5.871041035,13.03317147,1.076474546,436.5970912,57.75912781,54.5415389,12.12843297,0.983033181,0.580299135,3.848627234,27.39298069,13.97615204,0.12271907,4.229988114,8.626898892,0.136540973,2.583901017,1.500758397,2.907059762,0.054139467,0.040847477,0.021373167,0.011128178,2.117223913,5.200435179,1.081636688,0.825105436,0.519160378,0.159772304,0.028959504,0.079452997,0.375702618,13.69813373,10.27475134,6.166606826,1.639737201,0.450226393,4.585610635,3.708093183,3.943078639,147.9442771,523.6081984,59.21333664,1.01118912,21.92553708,26.89648703,134.0486982,753.3799446,195.3765936,280.8251578,88.94703801,5.059586128,4.015717904,56.10158356,580.0316904,628.2319121,120.6673976,12.97942901,3.782831107,84.76068636,189.8771992,22.93963863,4.11386229,2.306767818,1.592110513,7.539771627,4.871199447,2.334842723,3.471908495,31.12314148,10.59158446,8.512542456,40.96580483,2.899938521,2.496674955,4.840983054,4.190291989,1.16370588,0.288586895,2.820125271,7.079287508,1.637895522,12.25423558,4.199628876,2.620688513,8.623621428,0.373539715,0.289111147,0.641980027,0.170971821,0.499218149,2.570936777,0.924568644,1.061460245,0.495467694,0.133956462,5.584141862,3.337660192,6.173126332,0.031593505,0.75447443,2.010243782,0.131428982,0.128616141,0.477326907,0.395102262,0.347039368,1.090893162,1.693208053,1.932666439,0.094658218,0.089684789,0.349729912,0.46542329,0.823224832,0.120789105,0.260860439,1.194927517,0.675774886,0.885678058,0.072275001,0.343801287,1.921722962,1.280158573,3.678352001,8.401350031,3.295561965,4.293432058,0.615451332,9.742892851,49.4111012,4.57485903,0.742427618,0.244423161,2.125553315,1.404659687,0.681513383,0.037260362,0.058041303,0.031743556,0.600806417,0.10702853,0.022284386,0.00669868,0.178720076,0.073999259,3.709131939,0.198827163,19.69277765,10.06920642,283.6826088,15.17556517,34.72502589,2.178943769,48.74106799,19.87717172,0.736756468,9.175109835,6.691841417,5.405030985,13.72649573,12.94605165,17.81798593,11.76698241,40.60347954,22.2493118,2.060220417,0.201891094,0.678263339,0.666005808,0.19066829,1.857334393,0.344046621,6.938837327,0.404936307,7.055761442,3.030714449,0.179763862,5.7717779,2.028900036,1.288274515,3.09140361,0.660712783,2.245743072,2.733367236,0.894645614,1.56693437,0.742297002,0.994213152,2.186656058,0.661743844,7.488927471,4.528282334,9.68034164,22.79363588,6.16677574,64.80235694,3.015254082,36.65063381,4.420790151,45.29961694,22.61347405,18.65289849,6.628126091,22.96333106,23.22738705,20.43969091,7.692438195,7.435489206,14.26222751,21.49598727,4.002971341,3.671208781,18.88819996,2.126397614,0.157197562,1.038038291,2.181363033,7.040491367,2.483543349,3.540730351,2.615803054,3.550527367,1.119086325,2.334361527,0.560384092,0.964046889,5.543389006,16.80232636,31.33665774,12.77263589,9.610103645,42.17837696,7.003069975,1.6895398,24.30636649,16.99336816,26.26713367,1.165399488,3.836422082,28.04885447,6.783031367,28.41312531,2.473746334,8.837353015,10.40353949,38.76322653,1.561733284,1.587561779,0.696924035,2.378448095,0.574461345,3.657403896,0.195494985,2.825993562,4.861991445,1.206368824,1.081234221,2.646512473,0.058336772,3.362602803,5.687167315,3.791444876,4.590346933,2.936877961,2.135914653,1.868557987,13.94026197,0.535718603,1.089408007
13,F,0,ControlDiet,3.102403379,193.9770929,1866.999219,53.07371004,3.187425512,116.552682,8912.309461,86.6411719,57.33747958,313.5164035,199.6844297,0.555805674,0.616580418,0.414141955,1.699508584,2.19242728,1.823818378,0.137151219,0.167130545,6.822973898,6.267658605,19.08988872,55.64999655,4.422160782,19.1546755,8.590722547,17.88670558,0.950361456,0.376913824,0.058158453,1.428134471,0.081080997,0.069511713,0.062022882,0.083937314,0.296624915,0.620492852,0.041284581,0.045293026,0.115116774,0.108180004,2.918585374,2.029081876,268.8787182,13.59629258,8.618861875,0.825383999,531.8151662,89.77361416,104.6116259,1.432576229,1.331186166,1.601441908,6.878141109,97.86190042,0.704961219,0.179198987,11.15904505,1.778477083,0.205341372,3.623767391,1.750921596,4.299892499,0.101875816,0.099049613,0.027511328,0.023846095,2.90511129,6.747613007,2.285651399,2.467746533,1.654416302,0.12660501,0.039726499,0.120417082,0.504238759,4.023190238,16.8609288,17.63908447,6.871086762,0.16317243,4.046354184,5.840649043,6.223016817,309.1795468,694.6767635,52.4074026,2.578387918,15.64431737,25.47032004,128.7693183,492.6256349,205.9265762,612.1297327,24.62724351,0.568687883,5.093123786,88.60684266,852.7374281,334.6260522,69.89139925,2.946196892,94.32833728,93.4810151,32.74916708,8.870099499,9.945384829,4.784509755,2.859836367,16.81866761,8.214628153,3.014891656,4.876498599,55.29279414,1.646559637,25.58121092,67.14393405,6.187246089,1.189559712,1.605209391,1.957841426,1.411601749,0.391525991,5.097662228,8.425462354,2.344666308,15.35590673,0.364246541,6.335339181,7.505183512,0.080146602,0.501134142,1.072018591,0.061515612,0.731583284,3.220499245,1.122201307,1.976734284,0.087646498,0.335094985,9.686527945,2.951689473,0.804757919,0.702231899,1.720633885,0.413243049,0.254582504,0.200853162,0.553722041,0.16143262,0.33260827,3.266483083,1.622723961,3.165587695,0.301096297,0.077781172,0.760404714,0.732969322,0.368849078,0.288540426,0.576387833,3.231057591,0.985595066,0.381894138,0.28501597,0.454565201,2.978868605,4.288481716,5.025958991,9.747595676,2.86669523,9.429412412,0.697379501,5.016429582,67.19137015,5.930262809,0.307292511,3.569196949,3.732063218,0.226106894,0.201713649,0.01050129,0.016184725,0.034946595,0.5432172,0.094707591,0.013669642,0.006099894,0.134023076,0.10883293,3.548537375,0.290582375,10.09510018,8.503410287,543.771183,17.59234218,18.03079226,0.886122536,82.34915181,27.93969767,0.570947148,22.75475181,7.311688599,5.267283797,26.19093981,13.31472812,21.70337838,17.25084873,55.76956719,30.70915404,10.33950636,1.068633879,6.184402184,5.240214088,2.621798424,6.957502204,1.815427962,44.27870069,2.379194815,50.93155548,16.09453677,0.9568436,24.19417432,21.59880515,17.5194748,30.50033486,2.5162961,2.176273328,9.617996998,12.33577807,3.473458077,1.938043074,2.694468075,7.42539765,2.812633996,27.44589272,20.49395584,26.42522187,144.9580843,21.36996203,191.4612865,12.06146165,118.0437906,27.72570041,163.3536499,147.1831845,42.72123805,56.95940096,49.97542823,135.6396752,7.732962213,16.17709866,6.042086456,33.62691866,17.94145204,2.502246742,3.811038907,3.553644599,0.367833388,2.815305909,0.383864868,5.689643642,13.47623971,4.672730924,5.977960538,4.822358065,2.111702091,1.895722438,5.102463636,0.89714783,2.16078789,26.54376396,52.17266841,182.9674557,37.87570602,14.29240107,144.1822272,35.32712098,8.427214334,44.93650828,88.88520154,10.94237532,9.344125892,7.876800208,11.23984833,15.02610188,12.13182203,30.46916254,2.05692787,7.368246057,4.728841102,5.712105171,9.168670256,4.059081519,10.79497478,4.00341666,7.61539803,6.369395827,6.551531245,12.19372135,8.384018404,6.133376824,17.24594878,5.872419965,5.732144521,7.573538057,14.05693551,30.58494545,5.899139098,6.943851771,0.647048321,0.785097171,2.889674161,0.18219149
13,F,14,Diet-2,2.442125109,202.0831393,1356.719891,781.8617298,1.995306663,92.75733857,3425.601451,1085.007242,3.478671543,102.9726574,801.6085726,0.244011076,0.455450539,0.222792722,0.944192771,2.157335386,1.632925196,0.061302802,0.131534596,3.357806471,5.036709706,13.04250518,19.96543583,11.20070946,9.645826637,4.827538117,7.593011104,0.829340027,0.278406893,0.037516163,0.820771076,0.044452933,0.0757044,0.043012773,0.052421817,0.152848961,0.335797261,0.062334917,0.027002996,0.035811974,0.082833191,1.171549809,1.522970592,141.4032799,5.793452908,8.029863332,0.853071964,371.4353406,53.92485239,60.55923342,8.813781621,0.757201831,0.563651028,4.858465192,30.47641323,7.995418972,0.094677829,4.536012998,6.853191028,0.116580908,3.186633145,1.533922132,3.906431934,0.045130943,0.06252976,0.012232163,0.014925889,2.171684236,5.51500137,0.901013454,1.114228773,0.595909482,0.130317767,0.023885403,0.103214641,0.450882769,10.81681418,6.837261887,4.705926384,1.142086111,0.183442586,3.076688879,2.626229854,2.902684225,158.7162818,553.0712101,37.43212991,0.531509676,14.87838019,18.24150068,116.8296405,637.6659203,178.5800073,203.2362218,43.4651644,1.823504822,3.358208916,64.89052264,434.8231062,341.4460148,65.08132297,6.257580234,3.335211179,53.87738021,176.457495,15.40869568,2.362834499,2.41108352,2.041078052,8.805205594,6.13143938,2.56960226,3.858823809,21.67080227,8.273079564,9.7578204,39.84660338,2.521333978,2.170685902,3.827177845,2.728852921,1.299969235,0.484724497,3.439529222,5.877481957,1.290261648,14.14767236,4.016668411,2.628656751,9.393323603,0.400476506,0.264040172,0.578670719,0.05336245,0.44789399,3.571492897,0.662118338,1.106343405,0.267260672,0.243290373,7.553212173,2.026305512,5.655889693,0.059151195,0.634895988,2.274895442,0.077862703,0.133059614,0.323599025,0.254460206,0.29375845,1.123587344,1.245558657,1.45273052,0.177942775,0.057846689,0.254093314,0.649807063,0.773245945,0.153890945,0.273090183,0.909403762,0.567256291,0.582543471,0.080814341,0.300980825,1.115188409,1.232140251,3.597042626,5.928282672,1.450090007,2.518858027,0.403700432,6.796077714,38.15303227,2.793725795,0.537730955,0.351226801,2.01404685,0.810123552,0.184293244,0.036089455,0.047090228,0.028840602,0.626683416,0.143283242,0.021546215,0.005764478,0.117245726,0.070201321,3.124766838,0.189395238,11.97735044,9.558183255,265.9281162,15.57488587,33.14011534,1.93639197,66.27321276,26.68314351,0.632963093,9.337196315,5.917898297,4.076259292,13.25348249,10.31410382,15.36853251,11.51872838,39.69673275,19.70374634,1.648558386,0.181395547,0.656414688,0.484252087,0.195006182,4.448449191,0.376162946,10.53307985,0.574432497,6.204698746,3.79123856,0.117322087,4.972430525,2.31969803,1.026409071,4.385054933,0.235838089,1.062530829,1.244666247,0.826957145,1.949027095,0.875259381,1.29539821,2.629598671,0.752588894,9.531605137,8.080021464,12.8153865,35.51476469,9.812156026,89.54516411,7.969871853,45.54008913,4.899391038,48.86528515,37.22568526,18.0050004,6.740346447,15.99794901,37.24468918,15.49531547,4.547596321,3.761163193,13.62141366,16.27818605,1.910417961,2.394034256,7.073890282,1.300331106,0.199948174,1.036257015,2.368369982,5.871084009,3.042418534,3.092294247,3.067356391,2.962706456,0.801128651,3.698818551,1.007386018,1.311237488,12.39009586,28.64914431,36.31003174,16.18377845,8.783396824,35.83124708,8.917990887,3.147068469,20.37555922,20.08299049,17.10158064,1.866331393,4.521767827,18.03096113,7.991791116,20.3617601,6.64059502,9.085840946,9.098309874,14.0092864,0.912458369,1.504732469,1.074109119,4.248342039,1.116859731,9.031957362,0.291683861,3.553644599,6.205073163,2.548114586,1.651687696,6.921167379,0.415037189,4.065315983,6.042977093,5.244965675,8.695741614,3.583480963,2.938504383,2.248414985,10.76202118,0.944076009,1.849175971
15,F,0,ControlDiet,3.927298971,253.517912,2407.027248,47.38084507,2.174395837,82.86763637,6814.339476,41.05302756,36.82905562,113.5787163,57.70108488,0.293864608,0.293144528,0.21890429,1.161752913,1.723343229,1.549635954,0.11679696,0.144304013,9.810570174,1.965816137,12.09846918,27.54734063,3.855739183,26.15349924,8.777678586,28.80975739,0.82386742,0.277398781,0.074816302,1.104074512,0.034251801,0.055446153,0.044836975,0.044956989,0.134654942,0.222312669,0.007152794,0.018098008,0.079088776,0.079064773,1.243485529,0.931764077,135.9559487,7.810435099,4.391567486,0.431658477,210.5273241,52.8643194,61.40413589,0.722315877,0.741436913,0.904252749,3.312752491,56.71948223,0.39937793,0.106865833,4.943560423,0.663451351,0.163919823,2.595249992,1.107562788,2.734087255,0.07034598,0.061425774,0.012232163,0.013071193,1.549911358,4.43588794,1.843240125,2.082318841,1.131260766,0.144550001,0.026979367,0.119427013,0.385259817,2.452624605,15.52743868,11.67970986,4.105222788,0.099857949,3.124430949,3.650502102,3.617761195,206.7061181,753.2622863,34.89123226,1.234506614,11.64482499,19.62484871,106.7517087,666.7846847,184.4134191,530.2858998,15.74459701,0.273628223,4.082456774,54.9988004,638.8904677,214.4454725,31.74823238,1.562497097,52.85457987,54.04780605,18.51618201,4.039940835,3.558420572,3.571793107,1.558826918,11.72180791,7.696874836,2.576538581,3.94480688,45.98295031,1.620620383,16.06817238,62.08280979,4.290021769,0.858603938,1.360401033,1.539912776,1.491237476,0.390183671,3.290315788,5.285948556,1.497814728,12.30674728,0.259565258,4.109728751,5.333933425,0.068043672,0.511040235,1.21135614,0.107051026,0.609978863,2.547088776,1.403689247,1.7164038,0.065510662,0.249119885,7.881091609,2.162014905,0.578874548,0.585723204,0.82921329,0.201627712,0.154583964,0.283648528,0.857590413,0.214958133,0.529710977,3.366848515,2.036578497,2.432577607,0.272845588,0.076762026,0.560489166,0.557309433,0.105868817,0.183976115,0.390332662,2.732940119,0.653639049,0.15715221,0.182791397,0.204201629,1.706011787,2.614152121,2.980972501,6.174190936,1.325199933,4.989202698,0.352959421,5.038706123,46.52740293,3.480833335,0.151727998,1.953900188,2.058723691,0.032300985,0.638956054,0.019860469,0.023701239,0.041729472,0.674711761,0.131530633,0.017233994,0.006152428,0.113782185,0.0705151,2.565635667,0.245855966,6.944634533,5.767867845,288.6648253,13.13463495,9.900520593,0.73545133,39.69059943,14.24046323,0.454259835,9.065568335,4.532572511,3.996991944,15.05563116,11.46983248,14.59560089,11.58216649,38.30052735,26.41439957,2.989723354,0.320526488,2.398416853,1.298024824,0.752644269,5.892489869,0.47828251,17.41285816,0.609374421,16.62885371,7.046249916,0.204517708,15.90233692,10.60364025,4.979900733,20.47086323,0.661389335,1.496716729,5.328240304,5.879099748,1.825974215,0.76179762,1.219703974,3.019730427,1.312354716,14.62159984,10.10092227,16.49817357,59.0672532,17.23250439,111.5568306,12.56912516,79.50545014,9.146347106,92.71939703,59.65477897,21.65380485,24.01515613,18.54218273,101.4342874,4.223404182,13.67574256,3.104763176,20.84181385,7.516091922,1.945598152,1.950051341,1.949160703,0.217760928,2.312095584,0.396779115,1.965304142,4.229193328,2.074740625,3.022824503,1.943371558,1.167180764,1.490482265,2.839798447,0.81218085,1.172504518,10.30762882,20.86452511,63.47861142,18.95722438,7.959515603,82.64049499,13.16080805,7.782392608,15.36429831,51.02463636,5.698300286,6.735447939,9.482174742,6.612539931,9.051231846,6.361825406,43.67910156,1.623632607,5.524625926,2.727578091,2.556130325,4.021229414,2.111702091,6.184143176,2.56993521,6.543515506,3.025941735,3.763389787,8.89479915,6.283003965,5.426655774,12.03227941,3.858242707,3.131927627,8.303861007,11.5600326,31.3059167,4.375703237,8.5706411,0.792222273,0.994397041,1.505177787,0.127549962
15,F,14,Diet-2,3.860366653,250.473396,1581.614287,625.061017,2.033295276,86.5235881,3285.070719,1125.492249,3.299582369,111.6611959,559.722412,0.251331889,0.303537682,0.113052545,0.480989372,1.244226064,1.336012249,0.042220685,0.110724286,3.620655709,2.460046747,11.80230102,13.13875983,7.916945025,4.803477283,5.101493501,3.154190863,0.71923981,0.223152762,0.043540831,0.658345053,0.043444821,0.026666959,0.022130456,0.028851201,0.113700617,0.321539679,0.02784309,0.028851201,0.035907984,0.057774411,0.829358348,0.981620079,90.6661205,3.646244543,6.049710109,0.675860152,207.8310814,41.39266971,51.00869578,5.742757877,0.567227942,0.490434684,4.102234869,27.21135293,9.423976693,0.058467092,4.298920992,4.346922298,0.080370172,1.930562177,1.122930271,1.989647501,0.030381691,0.023978573,0.018237847,0.013645265,1.667663408,4.280076746,1.224411048,1.543182669,0.836880641,0.080443066,0.019677611,0.087249787,0.348677563,6.209350735,7.758680191,5.004527925,1.328972176,0.214285459,3.111374672,1.984064473,2.876382272,171.5295399,391.4076449,30.43019622,0.493552325,18.82131698,18.22681371,125.7292388,557.6798551,130.3864954,232.6686086,58.35328393,1.823281171,2.709656336,54.10251079,405.8647804,403.4035705,49.8454259,5.652644087,3.048238804,58.54678863,95.14990466,11.06119727,1.744255218,2.091585538,1.191276558,7.627665422,5.023592336,1.971662455,2.580948491,28.55771299,7.972338167,7.344393739,35.17426331,2.165942279,1.616082579,3.342196155,2.966130802,1.341669479,0.292573197,2.657704431,5.659564856,1.106566347,10.65931284,2.439284966,1.883814829,8.148439438,0.251270048,0.287765876,0.95294165,0.075539052,0.684947194,3.289434235,1.015068749,0.957792782,0.37019435,0.377450665,7.284687761,2.193037689,3.274228587,0.039665136,0.751975812,1.726187595,0.121522889,0.160902665,0.650296253,0.460898284,0.380263506,2.024593348,2.524504516,2.060181903,0.168851998,0.066122149,0.296285931,0.459349183,0.643651425,0.139541379,0.316179647,1.161295721,0.547484872,0.496242244,0.025989298,0.226973204,1.29587591,0.99798905,2.86736214,4.61792701,1.309055479,2.440766374,0.351969352,5.542774749,31.97265341,2.986541636,0.455431511,0.192320806,1.778039271,0.772748466,0.564324003,0.032107062,0.047510737,0.031870598,0.585430223,0.111909336,0.019587907,0.005903205,0.147054421,0.060033453,3.350139642,0.206058181,13.04919405,8.882771865,245.7503984,13.11794397,24.77731689,1.322460093,36.46183346,17.12028589,0.640492523,7.099991446,4.317140393,3.458999664,11.71114489,9.045606918,13.20434233,8.731694461,35.34538366,23.37193065,1.543692817,0.204955477,0.612040832,0.531133165,0.206587162,5.560501793,0.498778057,7.808206725,0.634566036,5.410824599,3.73548271,0.102477739,6.582703566,2.032044013,0.940208379,4.861546126,0.270939202,1.345753631,1.611608998,0.908895818,2.169463676,1.00412265,1.207366848,2.285313267,1.100382933,14.74139062,8.939282379,17.16837847,28.68946872,16.05508129,77.73219039,12.0178204,47.29420017,4.305736503,56.48424573,23.58134147,9.880366295,7.830041727,8.924278842,29.71523769,9.691474612,5.501024026,4.273725215,13.09504675,14.28182154,2.019966404,2.01328662,6.926044417,0.821168,0.238690915,1.172079271,1.724968972,5.551790378,2.333025571,2.895908625,2.647420694,2.109475497,1.007311289,2.976066022,0.862524283,1.286483642,10.20144994,22.36614035,29.51231521,17.95881947,5.176379411,45.00926903,5.244114212,2.879431827,12.27452485,19.90263635,15.83910164,1.593796243,4.20069292,20.53142659,4.026320502,14.51605927,5.157683176,8.006388,8.504699818,12.47115501,1.616507505,1.624077926,0.673322135,2.565036703,0.937396226,5.157683176,0.308160659,3.378634282,5.861732312,2.847814187,1.782611445,3.806043111,0.403904217,3.235241605,5.961929059,4.936805015,6.594281857,4.558283974,1.678525663,2.34504918,9.088958178,0.889747106,1.319992868