DogID,Diet,CE 16:1,CE 18:1,CE 18:2,CE 18:3,CE 20:2,CE 20:3,CE 20:4,CE 20:5,CE 22:4,CE 22:5,CE 22:6,Cer d18:1/16:0,Cer d18:1/18:0,Cer d18:1/20:0,Cer d18:1/22:0,Cer d18:1/24:0,Cer d18:1/24:1,Cer d18:2/22:0,Cer d18:2/24:1,DG 16:0_20:4,DG 16:0_22:5,DG 18:0_20:4,DG 18:1_18:2,DG 18:1_18:3,DG 18:1_20:4,DG 18:2_18:2,DG 18:2_20:4,GM3 d18:1/16:0,GM3 d18:1/18:0,GM3 d18:1/24:0,Hex2Cer d18:1/16:0,Hex2Cer d18:1/20:0,Hex2Cer d18:1/22:0,Hex2Cer d18:1/24:0,Hex2Cer d18:1/24:1,Hex3Cer d18:1/16:0,Hex1Cer d18:1/16:0,Hex1Cer d18:1/18:0,Hex1Cer d18:1/20:0,Hex1Cer d18:1/22:0,Hex1Cer d18:1/24:0,LPC 14:0,LPC 15:0,LPC 16:0,LPC 16:1,LPC 17:0,LPC 17:1,LPC 18:0,LPC 18:1,LPC 18:2,LPC 18:3,LPC 20:1,LPC 20:2,LPC 20:3,LPC 20:4,LPC 20:5,LPC 22:0,LPC 22:5,LPC 22:6,LPC 24:0,LPC O-16:0,LPC O-18:0,LPC O-18:1,LPC O-20:0,LPC O-20:1,LPC O-22:0,LPC O-22:1,LPE 16:0,LPE 18:0,LPE 18:1,LPE 18:2,LPE 20:4,LPI 18:0,LPI 18:2,LPI 20:4,PC 29:0,PC 31:1,PC 32:0,PC 32:1,PC 32:2,PC 32:3,PC 33:1,PC 33:2,PC 34:0,PC 34:1,PC 34:2,PC 34:3,PC 34:4,PC 35:1,PC 35:2,PC 36:1,PC 36:2,PC 36:3,PC 36:4,PC 36:5,PC 36:6,PC 38:2,PC 38:3,PC 38:4,PC 38:5,PC 38:6,PC 38:7,PC 40:4,PC 40:5,PC 40:6,PC 40:7,PC 40:8,PC O-32:0,PC O-32:1,PC O-34:1,PC O-34:2,PC O-36:1,PC O-36:2,PC O-36:4,PC O-36:5,PC O-38:4,PC O-38:5,PC O-40:5,PC O-40:6,PC O-40:7,PC P-30:0,PC P-32:0,PC P-32:1,PC P-34:1,PC P-34:2,PC P-36:2,PC P-36:4,PC P-36:5,PC P-38:4,PC P-38:5,PC P-40:6,PE 34:1,PE 34:2,PE 34:3,PE 36:1,PE 36:2,PE 36:3,PE 36:4,PE 36:5,PE 38:3,PE 38:4,PE 38:5,PE 38:6,PE 40:4,PE 40:5,PE 40:6,PE 40:7,PE O-34:1,PE O-36:2,PE O-36:3,PE O-36:4,PE O-38:4,PE O-38:5,PE O-40:5,PE O-40:7,PE P-16:0/18:2,PE P-16:0/20:4,PE P-16:0/22:5,PE P-16:0/22:6,PE P-18:0/18:1,PE P-18:0/18:2,PE P-18:0/20:4,PE P-18:0/22:5,PE P-18:0/22:6,PI 32:1,PI 34:0,PI 34:1,PI 34:2,PI 36:1,PI 36:2,PI 36:3,PI 36:4,PI 38:2,PI 38:3,PI 38:4,PI 38:5,PI 38:6,PI 40:4,PI 40:5,PI 40:6,PS 38:4,S1P d16:1,S1P d17:1,S1P d18:0,S1P d18:1,S1P d18:2,S1P d19:1,S1P d20:1,SM 31:1,SM 32:0,SM 32:1,SM 32:2,SM 33:1,SM 34:0,SM 34:1,SM 34:2,SM 35:1,SM 35:2,SM 36:1,SM 36:2,SM 36:3,SM 38:1,SM 38:2,SM 39:1,SM 40:1,SM 40:2,SM 41:1,SM 42:1,SM 42:2,SM 42:3,TG 18:1_30:0,TG 14:1_34:1,TG 16:0_32:2,TG 18:1_30:1,TG 18:2_30:1,TG 18:0_32:0,TG 14:0_36:1,TG 18:1_32:0,TG 18:0_32:2,TG 18:1_32:1,TG 18:2_32:0,TG 14:1_36:2,TG 16:0_34:3,TG 16:1_34:2,TG 18:1_32:2,TG 18:2_32:1,TG 14:0_36:4,TG 16:0_34:4,TG 16:1_34:3,TG 18:2_32:2,TG 18:1_33:0,TG 15:0_36:2,TG 16:0_35:2,TG 18:1_33:1,TG 15:0_36:3,TG 16:0_36:1,TG 18:0_34:1,TG 18:1_34:0,TG 16:0_36:2,TG 18:0_34:2,TG 18:1_34:1,TG 18:2_34:0,TG 16:0_36:3,TG 16:1_36:2,TG 18:1_34:2,TG 18:2_34:1,TG 16:0_36:4,TG 16:1_36:3,TG 18:1_34:3,TG 18:2_34:2,TG 16:0_36:5,TG 16:1_36:4,TG 18:1_34:4,TG 18:2_34:3,TG 18:3_34:2,TG 16:1_36:5,TG 18:2_34:4,TG 18:3_34:3,TG 18:4_34:2,TG 20:4_32:2,TG 20:5_32:1,TG 17:0_36:2,TG 18:1_35:1,TG 17:0_36:3,TG 18:1_35:2,TG 18:2_35:1,TG 17:0_36:4,TG 17:1_36:3,TG 18:2_35:2,TG 18:0_36:0,TG 18:1_36:0,TG 18:0_36:2,TG 18:0_36:3,TG 18:1_36:2,TG 18:2_36:1,TG 18:0_36:4,TG 18:1_36:3,TG 18:2_36:2,TG 16:0_38:5,TG 18:1_36:4,TG 18:2_36:3,TG 18:3_36:2,TG 20:3_34:2,TG 16:0_38:6,TG 18:1_36:5,TG 18:2_36:4,TG 18:3_36:3,TG 20:4_34:2,TG 20:5_34:1,TG 18:2_36:5,TG 18:3_36:4,TG 18:1_38:2,TG 18:1_38:3,TG 20:1_36:3,TG 18:1_38:4,TG 20:3_36:2,TG 20:4_36:1,TG 22:4_34:1,TG 16:0_40:6,TG 18:1_38:5,TG 18:2_38:4,TG 20:3_36:3,TG 20:4_36:2,TG 22:4_34:2,TG 22:5_34:1,TG 18:1_38:6,TG 18:2_38:5,TG 20:4_36:3,TG 22:5_34:2,TG 20:4_36:4,TG 18:2_38:7,TG 20:5_36:4,TG 18:1_40:5,TG 22:6_36:2
1,Diet-1,4.602049093,241.2349272,2302.021296,64.68737167,2.15449704,93.70886287,4643.538085,694.820773,12.64116315,180.4024952,573.9211083,0.305937948,0.681627636,0.221040528,1.022105417,1.837811931,1.344341173,0.068479599,0.087825745,8.783236882,6.600847781,15.29523422,48.68078962,5.327324709,21.11493849,6.776693653,16.15597292,0.884114105,0.347198526,0.05064562,1.058037404,0.079328803,0.058782523,0.042436709,0.079928869,0.170922966,0.330348657,0.057486379,0.016033779,0.070855862,0.07191198,1.673421787,1.727296298,223.9359832,7.757090502,8.34887109,1.044149839,242.1295821,66.58624558,93.90684895,0.81513901,0.735254592,0.808559254,6.941244941,49.94754456,6.119702814,0.082578143,9.460010792,7.56654254,0.1062476,4.27251365,2.028110369,4.986439235,0.077058214,0.080811766,0.017266339,0.019650949,2.525781472,4.260311223,1.136517554,1.61803933,1.091309178,0.110640155,0.06113673,0.14554007,0.877567007,4.272219955,15.4020228,14.17341032,2.794751925,0.080659876,5.554688651,4.518430921,4.087627845,275.9082992,760.4861559,22.11995598,0.771954684,21.09863238,24.24929893,96.6068548,577.2377756,163.6628385,314.0594405,56.64256965,0.85743704,3.134736803,66.12952449,385.8270359,283.2393563,74.74329922,2.807399269,9.171564613,74.38298214,92.85526051,6.601664733,2.085971736,5.284085267,3.514203796,11.9861976,8.628848876,2.36127315,4.644344332,41.40440229,4.540396542,10.93170779,66.73054557,5.337210335,2.832087258,4.622487606,1.506434026,1.183514507,0.383978346,4.24096717,6.352840293,1.568286228,14.00577467,1.143099009,3.175105632,9.959044573,0.246350974,0.364201775,0.612506344,0.042029553,0.274883879,1.960917148,0.55490425,2.003150531,0.125558705,0.147449946,4.432670702,1.366714654,1.897770903,0.057887455,0.546968552,0.703740234,0.062330928,0.245410196,0.793995744,0.146471567,0.333505118,3.458897721,2.385533859,3.113896644,0.471823522,0.068608864,0.268809772,0.733662341,0.735048378,0.116223334,0.301626252,1.756028171,0.564728811,0.678139303,0.287119866,0.543795125,2.644968003,2.815631061,4.700226454,7.811887997,1.700950904,5.839919058,0.634386393,7.500016419,56.482913,3.73701356,0.673989133,0.646390973,3.220445319,1.082144873,0.489880351,0.020718059,0.03004449,0.060111285,1.183241572,0.162060162,0.031044046,0.010235118,0.129210135,0.093209633,2.79549731,0.240170015,8.075779264,9.524382794,385.7078152,14.9496251,22.36654101,1.380810919,82.90978097,25.5427103,0.909866853,10.1460998,6.843574584,3.381942986,16.65821142,8.343199659,17.58080762,12.59163389,40.42408445,18.74534469,7.218094139,1.05450588,4.029981843,3.030475666,1.203028956,8.964473994,2.85767631,46.71591979,2.24547629,27.67814278,13.45749603,0.867021364,14.37578383,12.33493697,6.612898422,19.0685541,0.808479713,1.36980085,3.086950421,3.788772963,6.31091742,1.533425144,5.124682874,8.08431956,1.425465709,41.8394893,37.8996107,43.35268283,157.2310969,28.61975327,241.7858816,16.86645228,102.2692602,19.08979193,136.8041841,89.24067917,18.62567722,23.0305561,15.48376945,67.60296732,4.507072304,6.400122829,2.721343627,11.65844807,6.413927714,1.017108304,1.270049423,1.497162048,0.504991601,1.357777241,1.24377561,8.838874093,16.97733668,5.664010733,8.776789649,5.531751028,2.145101007,1.94248092,4.775599584,0.905425643,6.932907547,39.26421621,51.46728332,97.85724621,35.61571275,8.337230639,78.75865039,18.11193542,9.573465111,13.04511765,32.01219243,5.856388486,7.500060443,7.33128459,7.427028148,4.74454021,4.902070143,21.06892647,9.779647749,4.01499495,2.17137482,3.961556686,3.988275818,1.38182446,5.575392278,3.437416373,7.867893831,1.975879835,7.265377397,10.6587072,3.215202256,3.583035644,14.37569656,1.734517007,8.72513266,9.046652885,7.705352443,16.09560531,6.61298525,3.082769161,1.240213059,3.046871722,1.655250247,1.446587697
4,Diet-1,4.743149655,397.4911365,3245.311113,65.3223242,2.556090947,106.9632708,5781.40196,1026.095948,32.79321775,289.4515217,1071.761879,0.552445301,0.58343274,0.323843935,1.242881915,1.60889853,1.726727604,0.103283461,0.121261456,10.56394792,5.740109077,18.09402329,41.45983976,5.082985981,14.23273096,8.553701549,9.381126347,0.744730638,0.385314756,0.061110781,1.623348133,0.082977207,0.052277801,0.05074163,0.076616502,0.234650038,0.521625882,0.055398147,0.037276136,0.113052545,0.122797626,2.119697037,2.236940337,279.5595166,10.32350438,11.85164163,1.359271567,495.3263576,78.99173484,77.56118994,0.787097768,0.843666005,0.713748947,3.993116905,59.5760236,4.995094484,0.118435605,11.3144421,8.063115386,0.124043853,3.065018061,1.806209208,3.597183411,0.087921435,0.077720606,0.02499424,0.016294831,3.551696208,5.804124707,1.784994915,1.436785281,1.152077646,0.174375815,0.026855608,0.153584376,0.604387415,4.87622962,19.00444207,21.33230761,3.867670889,0.119469386,9.041443118,6.640455016,8.163133377,349.0695912,878.5711146,34.38042562,1.519504671,31.6429716,31.88822127,235.464383,773.5965025,205.4679912,639.1502886,81.89256134,1.685740393,3.720130757,66.30169705,612.7971843,392.9786215,153.3518886,5.918312738,27.12578852,104.5225983,148.9046726,13.15274036,3.971107666,4.470708574,2.364727776,11.95204567,6.37931865,3.299343165,4.935563042,41.16057774,3.560789604,22.54411022,61.58105123,5.324723166,3.196417097,2.819513984,2.510717541,1.055726339,0.373474068,3.896288823,6.940168138,1.924752123,14.95815077,1.006187583,5.594578061,9.682400933,0.384892058,0.69326342,1.399449602,0.059436556,0.883802831,3.554248958,1.019471457,2.754505234,0.242026633,0.241170551,9.734916965,3.377569924,4.109112442,0.235300274,1.205821692,1.779509279,0.198570276,0.278797397,0.717722908,0.139582145,0.234688787,3.474184901,2.035640884,2.953197808,0.355437126,0.015450243,0.547484872,0.671942899,0.537008058,0.25890368,0.40504912,3.623917733,1.097619521,1.130721362,0.237987716,0.447510963,2.666006958,3.116364368,5.504533353,8.403330168,1.669783968,6.915876003,0.466198506,5.125832151,71.35770217,5.86986863,0.765075435,1.271247956,3.049410986,1.538566452,0.175645235,0.011160307,0.016916585,0.037215628,0.569118946,0.080733952,0.016847854,0.005077553,0.143513293,0.146322582,3.305117662,0.297479754,10.90613914,10.28027745,494.4821491,20.15887013,22.81277717,1.571655662,67.37432962,28.45615974,1.050630544,12.89718463,5.618207855,4.158030879,22.05141629,11.97332053,25.25518177,13.64963855,53.40787296,34.7022328,17.23886489,2.153863181,12.24969141,7.146379621,2.794239605,13.1953122,2.473553928,89.75036165,2.816128054,69.94437967,22.63667581,0.961858044,27.38800127,23.57023806,15.31447224,34.58836211,1.782038128,2.869634811,7.901738065,10.60170639,9.118568675,3.037121795,7.989084908,17.31049981,5.056150473,42.76174469,40.97641029,43.50943507,211.033024,24.54374963,271.0121591,18.81249575,142.96428,27.51378042,168.0985225,158.2804689,34.95239074,41.06819702,26.31226376,123.3934062,8.50380918,13.60092899,4.566745033,19.11842981,12.98861554,1.666383219,2.190078213,1.810221215,0.997514273,2.432776998,2.684382161,8.688798927,23.09067415,6.114673432,8.549231705,6.779979827,2.173156095,2.351728963,5.256989284,1.170912631,3.759639599,31.24253741,34.80033389,115.6329751,30.08396172,9.955582965,82.86538103,20.33508549,8.173827896,21.88546424,43.05298323,8.115045805,6.724314968,9.35659482,9.107661571,3.133550362,6.535054447,21.62913761,10.15995007,5.349170291,1.847182681,3.875610143,3.765616382,1.996364503,5.818091063,2.356182152,6.773300043,2.261774551,8.33013482,13.01043617,3.754928729,2.68839003,10.51572827,2.381120009,9.209639592,7.940035488,10.13055902,12.08328227,7.886597224,3.204309748,0.795339505,1.992801952,1.530115644,1.352825541
5,Diet-1,5.226147732,329.5729238,2907.518177,47.80052879,2.301024547,132.6906065,5991.305326,920.2578642,26.16149135,281.1989479,1306.795617,0.569295171,0.487398084,0.271542131,1.322066702,2.120395287,1.822498231,0.092986318,0.15824956,24.68376477,13.99579643,32.89317585,86.24231603,10.28443922,28.80605529,18.73910358,26.94945116,0.646991793,0.390955382,0.052469822,0.838389031,0.05470207,0.055374145,0.035115897,0.056670288,0.17735568,0.384906711,0.042388704,0.020714299,0.073424147,0.08480141,2.669261205,2.462285933,306.1166033,11.18885267,10.77088362,1.275633597,552.6647343,76.73134584,67.35015964,0.714632136,0.798049308,0.66115506,4.31857194,72.53544881,3.6652331,0.096620844,8.938267068,8.712568196,0.122056678,3.450618247,2.043875287,3.728204455,0.069860226,0.062573919,0.015720759,0.013203671,3.461069184,5.325336461,1.438887997,1.169319911,0.893023136,0.166455267,0.030815882,0.14120852,0.435671953,4.504150235,21.56511426,20.66316809,4.403206527,0.083308196,6.259367105,5.360010635,5.959800463,333.1343003,633.2264147,28.91868564,1.833327421,25.20023673,24.78478999,156.6223255,607.5164988,167.18158,577.413407,47.86407812,1.366870828,2.853743392,71.27572364,768.8428741,397.0197043,150.6492483,5.179825659,20.47749367,80.77023175,157.2774839,15.92384728,5.491301288,3.454335663,1.618491488,9.189196704,5.933538685,2.285814207,3.883971055,37.36926983,3.022694163,17.72057235,40.61983963,3.225420499,2.84812629,2.988717988,2.153848773,1.149864651,0.335877197,3.498707126,7.926059898,1.885285619,11.19003415,0.762667563,3.266892223,7.562936106,0.198768832,0.565992551,1.302223138,0.053443981,0.929705137,4.010459174,1.047925995,2.752915367,0.157722931,0.30125936,8.449856235,2.772768318,6.531661659,0.295552146,1.379744672,2.351127512,0.249242182,0.176556737,0.471089738,0.09172308,0.286787496,3.737980478,1.767116472,2.300659435,0.213082906,0.057724392,0.45841157,0.395102262,0.613525489,0.172357858,0.340965262,2.442279871,0.712749479,0.691306661,0.249868538,0.35221687,2.288543342,2.253643427,4.109279317,5.613688405,1.545022194,8.569042883,0.375483479,4.000124265,56.13849292,4.760496874,0.566814217,1.107020344,3.140126012,1.166053178,0.123451195,0.014849294,0.023894549,0.048263974,0.917936056,0.113659285,0.024035881,0.007405803,0.154383114,0.114811263,4.007940802,0.362846917,9.794574572,8.839636045,410.4806697,23.19867622,20.31942737,1.516249232,76.79372259,30.46108057,1.199724806,9.791501519,5.407111764,5.40020999,18.64287562,11.97052257,21.09580138,13.62173423,49.49969988,27.62480408,14.80817252,2.594815936,14.13333174,7.213477666,3.580194114,18.60685315,1.533027172,66.50017252,2.503401813,62.87409226,29.00048368,1.37160981,32.18675743,38.60298606,25.07206424,55.83764273,3.595118056,4.257693735,16.12009785,25.53191221,10.16861727,4.475750056,7.856719487,16.42369925,7.471114716,40.62510474,40.06792026,53.58878242,255.3331356,36.33223081,336.033613,27.94019667,197.233955,36.52195172,256.778432,224.9413425,75.570706,67.04720937,61.96795026,291.8588715,18.6272431,33.52137809,8.253539974,54.74304894,26.36510382,4.89138249,6.191713597,5.570048451,1.881917553,6.725650924,4.700786013,11.88232364,27.61511389,13.93491814,14.62783431,14.36197894,4.883366751,4.234982473,11.90515472,1.438906842,3.336118009,33.04893141,55.03695939,129.7028701,38.18119477,16.31584889,145.6165992,30.44567847,17.27169245,46.52011767,91.55622413,9.16332643,13.45441908,17.75397279,16.94215649,17.82229154,12.88930943,64.0061268,13.282526,13.3203781,5.855943167,3.514011219,5.326013709,1.979887705,10.95707085,3.989166456,13.93091027,5.818536382,14.88790053,20.41341709,10.23431832,6.331989041,27.9361081,6.244261224,15.43029892,15.07226254,22.35812461,30.42017747,21.21899893,10.03458037,2.768102109,5.343381145,2.836681215,4.092781793
7,Diet-1,4.611094001,436.2250498,2334.736727,77.97072328,3.437064968,148.9786765,8937.843236,1013.358909,36.00596901,339.9781858,1032.68245,0.552469304,0.64579166,0.270317996,1.318754334,2.431325789,1.980723789,0.10102721,0.181244112,10.67315993,4.964518718,15.14900119,59.62975615,6.014064622,18.89737942,12.26598211,16.51507681,0.821875198,0.322187751,0.054846086,1.251474869,0.055110115,0.062070888,0.036268024,0.054270022,0.13211066,0.475420755,0.083385253,0.040588504,0.097546824,0.084849415,3.037771689,2.518456734,298.0602002,11.87447206,9.577519048,1.329198992,343.6536686,72.24236264,60.71357064,0.671576687,0.794384075,0.636867371,4.043370342,57.79829722,2.562395372,0.113533907,7.82368293,5.258063919,0.154558022,2.773300833,1.88105945,2.768664093,0.084256202,0.051534061,0.026142385,0.015058367,3.116854709,6.151913797,1.911157826,1.270250239,1.20380444,0.111011431,0.031063399,0.115590498,0.536923347,5.634896635,18.83304197,18.15864998,5.663190869,0.167617707,10.59400202,5.907149313,6.922064603,268.4380327,715.2813431,31.99451382,2.256721369,27.1098618,25.2933525,160.6197082,657.733736,166.8192202,534.1838666,45.93410149,1.516678292,3.694423118,61.92146599,592.8683193,328.7446773,124.8824969,4.680946552,23.7926192,77.99031268,96.29290692,13.08109605,5.117627937,2.721160064,2.030107176,9.348388667,6.489288114,2.659609124,3.930978528,28.13798866,2.370288792,21.51505544,49.00678364,5.317021743,3.123104136,2.47398008,3.108883802,1.217433014,0.260619339,4.049036583,9.636456178,2.039641633,15.27587599,0.980454573,6.426956195,8.655546034,0.45093426,0.715725383,1.374704754,0.099590882,1.263536381,4.771638439,1.794348035,3.95334627,0.13962291,0.360451321,12.36818467,3.907403198,5.373994095,0.494937738,2.068456548,1.912731957,0.310268604,0.176149079,0.891996759,0.091030061,0.320133931,6.212954531,2.618551247,5.41610518,0.349566848,0.032490353,0.731094094,0.721147236,0.747074293,0.146675396,0.503131667,3.617435969,1.28302244,1.198270314,0.322762332,0.416695081,2.755608158,3.454844037,3.757433723,8.900592073,1.722995818,7.924508289,0.427338317,4.910616011,79.24879564,6.274311613,0.63723284,1.505275398,3.800254186,1.114569616,0.434065582,0.014152254,0.025559312,0.035736999,0.713955636,0.094538761,0.01905439,0.005780258,0.141758392,0.132336093,4.103729128,0.236463094,14.82672925,6.501367014,472.2025395,18.19399685,22.77562344,1.50504366,63.84195235,27.74038498,0.77603904,13.29312967,6.114532507,4.590624981,20.14175368,12.49603015,19.55470014,12.63520656,35.67898979,25.47743395,19.62868555,2.888917097,11.50261875,9.35305366,3.065616576,12.93981431,3.146962012,84.4278072,3.396291345,61.35300424,23.64207197,1.79767842,22.08826137,22.67336881,18.12502869,33.97604866,1.909946265,2.255540087,6.142283202,9.693701206,8.750404962,4.43081904,8.662214411,18.68815879,5.47964872,44.83514935,43.29224799,47.58677466,221.3099294,30.90824695,283.5251741,23.32491188,141.3192721,27.99198334,186.3623854,161.2526815,37.6596735,40.33253024,38.95172875,162.4394103,6.813378742,12.94230238,4.399750456,22.23343532,9.695927801,1.343972356,2.382010646,1.907300729,0.794003549,2.011950664,0.989053215,10.08755041,22.32338974,7.556170621,11.36988144,7.886151905,3.312727089,2.964487731,7.862550004,1.596941444,4.428431209,40.9945578,52.6585113,182.6425117,45.56458167,11.72401046,106.8444663,29.38802862,9.948423601,24.74727945,61.89264343,6.812488104,6.009132859,11.27992703,8.122616226,9.134686533,6.635696512,28.15973887,5.064166213,4.649574343,1.837385666,4.857538256,4.974211801,2.565927341,7.235986352,3.362602803,7.844291931,3.331430482,8.906822759,11.42688226,5.327349666,3.45834636,17.76390908,2.312540902,8.240625727,9.38420459,12.10020439,19.51743552,8.790594534,6.153798153,0.706275731,1.483357163,1.742087427,1.705070382
8,Diet-1,4.182365371,244.6086778,1808.541979,37.97956789,0.593345952,47.69379888,3999.348897,304.3629568,9.804680065,145.6230157,282.0093716,0.221712602,0.255004296,0.168234668,0.638662869,1.158272526,1.121452441,0.058494491,0.095674616,6.432402142,3.437401663,13.81809554,20.28566765,3.174552424,17.24994405,3.840003,12.17806437,0.686788209,0.338437554,0.036003995,1.153904042,0.053525939,0.03677208,0.038476269,0.051293692,0.146008202,0.28198329,0.053045886,0.029331255,0.043924874,0.068023548,1.40281277,1.364040786,152.9827228,6.444142182,5.861061003,0.850775674,188.807506,51.35525903,58.49349921,0.552920285,0.502622689,0.47126949,2.628678684,41.71366464,3.251635833,0.066724906,6.391018382,4.539678231,0.072774749,2.684098775,1.628070048,2.746319419,0.075115199,0.058864527,0.022256355,0.019474311,2.208481752,3.517001407,1.279081643,1.085631847,0.740786557,0.097521747,0.019677611,0.104575986,0.492699777,3.395149022,15.98309715,12.94823988,2.786685699,0.071199279,5.239062692,3.39422859,4.79896179,340.6743402,664.0705732,16.58141654,0.723785828,17.13660984,18.58049977,117.4816481,525.5630091,127.2579445,530.7867313,32.95245676,0.789117351,2.788008821,40.06609503,552.7322167,280.0238491,70.49263609,3.46205295,10.77191589,67.66518291,72.41935032,8.748306977,2.538092257,2.473374356,1.771870661,8.006745298,5.108629755,2.774010579,3.420537615,35.62119289,4.291630974,18.29664226,54.0570122,4.975493048,2.559243026,3.13418727,1.326400571,1.116273531,0.312390911,3.482110705,4.958982793,1.409776403,12.53241538,0.895120479,4.378841941,7.901240738,0.337300112,0.538516393,0.861870823,0.03933901,0.438680916,2.199071029,0.796156332,2.014850319,0.115163422,0.058988132,5.153124919,2.002742872,3.621227189,0.138440702,0.695031494,1.078704184,0.117772434,0.149243642,0.612995534,0.118017029,0.264692425,3.842544789,1.455584127,2.251821991,0.238031583,0.030533594,0.4792429,0.526490478,0.478182989,0.148265263,0.239213792,1.980240143,0.628690372,0.620863335,0.200241354,0.44515955,2.403886322,1.857863544,3.347421605,5.007642724,1.106458901,5.159989515,0.279199318,3.355094636,41.38572969,4.133783512,0.402215329,0.835989091,2.100677844,0.896630787,0.375145003,0.020663715,0.024440593,0.044350611,0.717061142,0.119676653,0.019329219,0.006370333,0.128351246,0.082359302,2.536277757,0.224456612,7.311478021,7.721049867,291.6845406,12.83491383,18.13438479,1.200778477,50.06340227,19.51842852,0.599206655,9.530542499,4.622260657,2.955614695,13.79165867,10.02024899,11.75372846,9.17644668,34.19086571,18.43035841,3.508598987,0.421253151,2.224622567,1.501269023,0.512786665,2.644164439,0.555170662,15.43593324,0.513940783,15.21581503,3.848267919,0.325063367,8.260665076,4.627178327,2.758859912,13.07634336,0.29382258,0.741455922,2.466175913,3.191600356,2.559595432,0.907097125,2.370200652,5.598070331,1.302112382,17.49791444,7.397141652,16.76447426,55.19518657,10.77805266,166.110619,7.598921232,61.49274708,7.872678156,77.8078946,32.29843619,5.397174166,15.6872479,6.605814524,40.45721952,3.287789232,3.864477171,1.946934108,7.072109007,4.337851132,1.173415228,0.836754161,0.822503957,0.335325111,1.236205189,0.928044529,3.739900197,12.12825948,3.468588694,5.749957276,3.550972686,1.084796772,1.341300443,3.387095341,0.325222555,0.959828388,9.088840181,19.1887902,68.78496842,14.07831082,1.91269227,47.36188863,7.007129288,4.984454135,5.994291055,22.58434659,5.940108434,4.466548286,4.470556156,4.6745122,1.873452251,4.452298083,14.99121451,6.763503028,2.30942367,1.320370456,2.825993562,3.104763176,1.110625267,5.955694594,5.024532833,5.290833519,1.624077926,4.204255471,9.103208382,2.522286091,3.220100764,6.907198568,1.491818221,5.42442918,8.01440374,7.321042256,15.11946634,3.723756408,2.42583711,0.785987809,2.035107245,1.52788905,0.400120848
9,Diet-1,7.197937635,330.9441318,2533.283307,109.9697981,1.432713397,74.63496128,4103.947829,864.6172093,9.913218959,123.1536557,466.8655794,0.37525764,0.471700342,0.174883406,1.201525326,2.208605075,2.068669548,0.100067104,0.168114655,6.156595547,2.684023915,12.07625657,20.44300698,3.864994438,14.51964386,4.038065338,10.26222661,1.020089193,0.471484318,0.069631727,1.75985128,0.056838307,0.083193231,0.035307918,0.06903166,0.14581618,0.313210755,0.040276469,0.023738634,0.081080997,0.080720957,1.682739428,1.549377934,215.6405009,7.032125058,7.475353307,1.052054378,249.7393125,70.695281,94.76959183,0.91202481,0.621985641,0.454886339,3.392592749,38.62970218,5.459033507,0.090968436,4.891408131,4.809492379,0.092823132,2.416934193,1.329287311,2.314131029,0.06098418,0.048752016,0.010774902,0.013336149,3.318294823,4.836665453,1.554747603,1.661355262,1.062081437,0.120169564,0.061631764,0.098016782,0.752918602,3.361925077,19.74443076,15.09204938,3.324188495,0.069296044,6.861816507,4.986138343,7.502552211,360.9451058,805.8893388,23.6595369,0.807421649,26.64932666,31.8047341,147.4766777,710.0732708,181.9196924,457.9245099,72.54328295,1.204955355,3.646537839,50.50962794,435.0203624,274.0590019,86.76621971,4.222822927,10.58827182,51.12722753,88.3210888,7.847829094,2.84343215,3.543291707,2.099883516,9.784732936,8.324782901,2.677997673,4.008099854,43.34232482,4.834052861,14.44844171,44.1886543,3.48386301,2.771921971,3.312604392,1.484562244,1.493402744,0.39844824,4.547562896,10.05087852,1.419261272,18.2548466,1.387509276,3.173338437,10.7699433,0.305550789,0.521109391,1.442090643,0.085812037,0.68877918,3.735942188,1.018941502,2.581821249,0.28996723,0.191966215,6.058818991,2.229156199,3.562035228,0.150181256,0.790431487,1.330799973,0.104890437,0.272356398,0.871939979,0.158619779,0.32082695,5.095522825,2.043997875,2.80819381,0.223274359,0.11226905,0.407209708,0.502234819,0.814827075,0.176271376,0.396488299,2.669956938,0.619925722,0.741040953,0.506791314,0.510009037,4.969401328,6.7214513,6.249559901,15.39890668,2.864042502,8.739210907,0.470530056,5.418521152,65.29897797,8.140962015,1.015934041,0.755546025,2.655239963,1.347978265,0.390886369,0.016675409,0.020152372,0.03557187,0.616428729,0.128244753,0.018391995,0.00624452,0.113222445,0.12162296,3.646453007,0.316354278,8.67671178,9.782888122,408.4742388,15.46919022,16.53714096,1.403168193,60.86487867,31.63347421,1.064434249,11.62006122,6.200252981,3.777952542,16.29591377,12.47589353,14.76050801,11.33898042,43.67629623,22.75315305,9.743185416,0.959549808,4.315646001,2.803790928,1.05944073,8.768433085,1.809299196,36.77263416,1.893510029,28.801259,10.84075184,0.453289881,15.8640395,12.39260308,6.980465177,18.58538312,0.801475409,1.533232876,5.857279124,4.250568633,4.301159828,1.092074418,4.053621368,6.193794319,2.106803584,28.32806941,19.52194951,28.23989627,89.53537729,21.5391832,159.1890278,15.17067801,74.21773385,13.87389392,116.8414297,61.80876154,13.07691559,20.29006377,11.77411511,54.75284595,4.446063618,5.608345874,2.640295592,9.268421683,4.923890768,1.348425544,1.043827436,1.083015497,0.574906664,1.601366664,2.924854351,3.642755281,9.641153579,2.392252981,4.299553709,2.620701562,1.253572625,1.289643453,3.049988954,0.473268065,3.228586028,15.04795053,24.89020771,52.44066455,23.74707417,4.099626908,44.0055203,7.86444014,6.714517952,8.463785672,24.44266225,3.88496184,3.99540092,7.177649579,5.875537197,2.519917643,2.622482837,17.58297034,10.44495414,3.446768069,1.149368009,2.0293181,1.972317284,0.766393779,3.420048937,1.531006282,5.245856312,0.900434759,3.817273371,7.227079974,2.445691245,1.760345501,7.931816766,0.681337874,3.778530629,5.62170544,4.973766482,10.61061276,3.464580824,2.014891428,0.907114542,2.293392191,0.602071115,0.849629997
14,Diet-1,3.695749331,192.9025578,1597.996424,47.06789126,0.719974662,94.73636439,3218.078705,356.7112652,4.625565854,105.3333784,335.7958204,0.245379228,0.26513342,0.085449482,0.554941578,0.975204212,0.806105449,0.023690629,0.039388371,2.872831115,0.499783764,12.76669858,18.44016982,1.116183739,7.370884987,3.826120126,6.563826761,0.739570066,0.411021609,0.067279466,0.483293628,0.028083116,0.035043889,0.028467159,0.048773412,0.123397693,0.25999685,0.040492493,0.032307585,0.055254131,0.073520158,1.209217807,1.398396826,190.0644601,6.404133734,7.457247939,0.8127544,183.5718309,41.81540798,50.13981474,0.534329163,0.420530299,0.382067431,3.70435836,29.17128113,2.314219348,0.067563935,2.812337774,3.190386696,0.09458951,2.069841035,1.066141238,2.175293765,0.049326089,0.04923777,0.015190846,0.015014208,3.014662751,4.440724185,1.174366427,1.331859794,0.900382639,0.067943451,0.012623373,0.042325428,0.52916332,3.122543477,13.4763029,11.8240867,1.947132185,0.056845164,5.281937923,3.554871041,3.598099896,206.8824338,730.3834374,19.40078235,0.510884693,19.9756715,25.63307231,110.971065,725.6297264,155.7483968,475.0032809,40.05447971,0.63362655,2.218775599,68.63517079,482.3462169,230.6023366,66.31614561,2.86038076,5.962109621,50.08080396,94.35181369,6.37598299,1.478422936,3.944340395,2.008503114,9.434229398,6.858835254,2.448906827,3.095603473,29.42343917,3.807689615,13.38366128,40.27483762,3.332581871,2.055165307,2.714736974,1.232978237,1.331901307,0.333755631,3.299926138,5.091641226,1.131870315,8.955376193,0.882016898,3.584717678,6.753494181,0.254769334,0.271663379,0.815560859,0.029106791,0.316301945,1.674129652,0.550868434,1.157015311,0.092660693,0.189234905,3.560486128,0.994767374,2.7959233,0.083569917,0.324413261,0.659142434,0.034773239,0.127230103,0.380874993,0.114837296,0.289804166,1.680366821,1.09305375,1.719705831,0.19677658,0.113981214,0.384747745,0.34039454,0.488619037,0.174070022,0.338478547,1.710248162,0.495426928,0.487844487,0.2428143,0.354320765,2.289285893,2.361808411,3.789363432,4.375855261,1.023119513,5.564680015,0.342934977,5.00454876,50.24213995,3.010922073,0.530057924,0.461990715,1.48968182,0.943411524,0.232873155,0.013393868,0.016970694,0.04131715,0.553435014,0.091141763,0.020384063,0.00617291,0.086295376,0.075361923,2.189283033,0.133410668,4.84773518,6.803200125,192.5687405,8.542092532,12.97812122,0.745481137,55.79848198,18.23048433,0.491261451,5.926990961,3.279787872,2.709783017,10.76537071,6.371046949,12.01613517,8.987320765,24.21753038,12.54515649,3.918708927,0.477566161,2.517092043,1.354138848,0.586849217,6.679558699,1.380962148,31.48331035,1.231881911,19.15569606,7.707440265,0.506379319,13.73051678,9.69105111,3.81917618,12.8625903,0.456991018,1.02646,4.108066594,2.613131141,5.189393089,1.142616836,3.174581255,5.058898136,1.355550646,32.877447,20.10995285,33.66254417,92.22463193,25.32572957,184.9921392,15.87739906,94.19696504,12.81512974,107.2118544,65.70335338,13.71199899,18.65975138,11.1278885,65.61818111,4.417117892,5.796715757,2.342377267,9.312953571,5.345162421,1.007311289,1.057632321,0.879950091,0.429732712,0.7975661,1.329722152,7.709828096,17.51439124,5.496125519,7.558397215,5.619478846,1.690875757,1.798642924,4.507072304,1.069947185,5.920427489,29.58900438,54.44423997,92.96995352,33.69549777,6.207683535,69.8936876,12.59071344,5.981968408,11.30335426,29.8710993,6.401013466,5.786918742,7.082351341,5.029431341,2.916576137,3.830632937,13.42680931,8.885892772,3.111442959,1.248674117,3.51757377,2.793930603,1.502505874,4.941258204,2.797493154,7.713368182,0.980592156,4.432258733,9.106770933,2.978737935,3.696146638,7.153941085,0.857684148,5.769996625,7.057858803,6.287011835,11.34449826,5.04145495,1.84368396,1.158719705,2.81486059,1.419231245,1.23697595
16,Diet-1,4.365072509,287.7221354,2140.037851,60.22642314,2.329968252,101.6213482,4743.932944,615.6054704,9.52066996,157.759473,262.447045,0.349286758,0.541500087,0.174763392,0.905236449,1.377104809,1.525393264,0.043300805,0.062550941,7.935455535,2.437834136,12.68155024,19.13801604,2.167580693,14.80840781,4.069533187,11.11185901,0.77403789,0.470284185,0.044596949,0.922086318,0.038788304,0.050189569,0.026954991,0.056070222,0.141015648,0.462075274,0.057054331,0.031947545,0.070063775,0.0711919,1.227146538,1.245516863,166.7477486,5.492859635,6.188635691,0.795973815,224.7607048,46.7280568,64.61342282,0.590367486,0.484340682,0.518829201,4.003008618,40.2269931,3.942068598,0.077279011,5.50959606,3.190033421,0.098563859,2.19132364,1.417871137,2.310289158,0.063766224,0.047073958,0.014440135,0.0140427,2.293221174,4.074851744,1.157334434,1.632758336,1.209692042,0.116456808,0.033043536,0.118313186,0.736483573,5.5778238,17.56094964,16.58850412,3.258204471,0.092544895,6.259559634,5.391306164,6.269085414,324.6437379,834.8627131,26.96020243,0.98158374,26.12689042,36.14415626,117.418319,848.8456001,178.6045344,510.4758245,66.07309774,0.964531165,2.778998561,71.32206793,616.1086113,346.5509727,70.16308438,3.690046651,6.391594702,83.89101907,104.7350789,7.056012789,2.303403065,3.853922711,2.953930238,12.1320503,8.709847377,2.931961789,4.625551723,53.70847153,4.836689525,16.25124661,67.62482085,5.772398575,2.369695969,3.21543025,1.434313284,1.711662399,0.538787933,5.610970253,11.99242724,2.533245664,18.41916738,1.651325657,5.59773207,9.467993432,0.269210386,0.338478547,1.200879326,0.0636762,0.477367673,2.375301639,0.850007972,2.613659349,0.279531181,0.14838756,10.75773122,2.507953596,3.792525136,0.090948529,0.787838557,0.862115418,0.10175147,0.271255721,0.969574102,0.11879158,0.326371101,4.075358349,2.668407837,4.189054202,0.352420455,0.058458176,0.409655657,0.907813895,0.527265028,0.104360482,0.279286586,2.253737984,0.63260389,0.54487586,0.203459077,0.31174782,2.560688421,2.907583673,3.417963986,9.281892205,1.520315455,6.179760071,0.348009078,5.325083437,58.73259615,4.786114896,0.756536094,0.561616358,2.799418689,0.848859982,0.366168507,0.018611173,0.024003111,0.044103358,0.73918978,0.119018047,0.023751487,0.007171278,0.124769152,0.138963396,2.769604818,0.220724241,8.918941617,9.859717048,293.3865009,14.75147392,21.00560278,1.37604053,80.8481327,24.63992993,0.822039458,9.06646662,6.380900736,4.562260162,19.21029384,9.565092619,17.90197012,11.95010103,37.42829241,21.18046485,4.097955426,0.49097781,2.308594617,1.315217206,0.510955995,8.309054235,0.927592672,22.50283789,1.107714709,16.57934602,7.45643945,0.273088249,10.59636256,7.430650878,2.575116332,15.32208643,0.315631435,1.116859731,2.495566959,2.448808477,3.143857832,1.105326879,2.740672601,4.402364056,1.139125675,22.95885977,16.23518,26.84025905,56.38842542,23.02610292,143.0573517,15.08473147,66.12584463,7.196126096,81.10013702,40.04531546,11.5921624,17.61993181,8.042333535,62.99792487,4.012323037,4.87178846,1.514529484,7.629202916,4.608159688,0.92759921,0.718299341,0.738784009,0.339778299,0.99484236,2.16335908,2.270787296,6.682454994,2.521395453,3.151076338,2.251532217,1.765689328,1.154711835,3.297586247,0.585973679,1.849852523,13.90473674,27.36306341,36.44271554,20.25043039,4.05712352,45.04088667,6.720509997,6.94430249,6.772166737,26.69285851,3.429400633,4.560955887,7.333511185,5.031212616,2.218732585,2.749844035,15.00101152,10.58567491,3.615543922,1.025569362,1.668609813,1.76880656,0.74635443,2.842025041,1.493154178,5.348279653,0.612313449,3.360376208,6.801800451,2.800610386,2.02531023,5.76179593,0.73433082,4.78094341,6.20997167,6.279886733,13.42146548,5.98508564,2.413141809,1.334175341,3.99940879,0.985045345,0.690361682
2,Diet-2,2.939595038,182.9965748,1284.159831,646.1247983,1.52858942,70.51771924,2130.882595,1028.22512,1.52858942,67.33933864,429.3545378,0.166650492,0.171090985,0.113340577,0.434784245,1.287286842,1.091017064,0.053789969,0.108468036,3.213424495,0.668229402,8.053922797,12.58344454,6.027021978,4.201885716,3.547537117,4.881221424,0.716623519,0.395875928,0.060342696,0.524290177,0.030579393,0.038236243,0.024938767,0.055662176,0.118933197,0.402284639,0.024026666,0.013081452,0.034899873,0.063127005,0.910788346,1.061813613,103.6310656,2.860824833,6.265826384,0.62052838,205.4373751,34.44038491,39.50882821,6.725923536,0.475243839,0.356278321,2.952676458,15.94575116,5.988240176,0.074364488,1.965978044,2.653937881,0.095119423,1.630940411,0.759498122,1.599498893,0.030205054,0.018546963,0.007772061,0.010774902,1.729272963,4.161904153,0.586447263,0.816063761,0.543341602,0.072398759,0.010890754,0.061755523,0.377093443,6.168025351,6.89914397,4.91276174,0.830474965,0.222439064,3.312513222,1.618900564,2.560647017,127.9681684,428.8224235,36.03518036,0.356796138,14.3978724,18.9821711,120.4452287,552.5627083,151.8819382,171.7001318,41.25704304,1.639371054,2.983565263,46.48385881,392.2093415,290.4020437,43.64434899,6.023294484,1.742035238,32.53519417,94.64110225,7.065228571,1.623559246,1.923723826,1.163163724,5.650980952,3.818941368,1.497688246,2.40058926,16.60885851,5.049785867,5.48664552,24.31532258,1.941527264,1.118724403,2.176799351,1.983732496,1.413572197,0.209952412,2.950382979,6.252158719,1.011557405,9.150603458,3.348154735,1.473909919,5.652695485,0.213381479,0.173254706,0.452582058,0.083692215,0.319440912,1.939841223,0.633908396,1.045398514,0.324740468,0.219157012,5.267350728,1.489297455,3.510792601,0.05112033,0.241604136,1.139159885,0.040235858,0.080064057,0.337459402,0.246918531,0.247448486,1.095907357,1.548530181,1.199656352,0.103137507,0.016265559,0.232650496,0.504680768,0.472149649,0.102689084,0.198284916,0.824814699,0.376472285,0.521639346,0.129203939,0.333776844,1.672101941,1.276693333,3.7180785,7.515114963,2.544671526,3.384177898,0.536988404,7.948269933,35.13332334,4.127471826,0.5080289,0.404814259,1.283623813,1.031775137,0.329179357,0.041839078,0.041248077,0.036070726,0.543847973,0.13506705,0.0199533,0.004943765,0.162231107,0.067943329,3.227036547,0.194437422,10.94168246,7.530687427,169.207407,12.44578301,19.9368406,1.265710441,39.35942126,16.7815723,0.544225615,6.264071679,3.639449387,3.393047313,10.69915058,9.561337456,9.546807271,8.271658998,29.8145604,22.20723869,1.676137832,0.194409225,0.645470463,0.496270835,0.182708854,2.949766985,0.339748526,8.304437763,0.434784192,4.691808947,3.545331784,0.142951471,6.255839514,1.389200164,0.928587602,2.788141458,0.32613789,1.253127306,1.478013336,0.819832043,1.377062024,0.438883302,0.812459431,1.66332314,0.443537597,8.238844451,6.438427585,12.52860115,19.0239276,12.06546952,53.4324755,9.694146525,31.4662315,2.763317196,36.72589269,19.31273573,12.63003306,4.964860104,9.498751136,23.57028258,11.63751808,3.184475254,3.021933866,11.54756367,13.49583374,1.711805744,1.753665718,10.70457505,0.993951722,0.184362013,0.408802725,1.28087224,3.545628859,1.790181866,1.731845093,1.466435046,2.065388928,0.721861892,1.588452417,1.300412655,1.3237736,6.985002055,17.77044959,16.53672324,14.56281775,5.929262463,23.98754636,5.064589132,2.658998985,9.00912643,16.06042512,12.14072841,1.004194056,3.446322751,11.59031428,3.110467998,14.82466525,3.829742299,6.206854438,6.76662026,14.41719848,0.808699072,0.861246698,0.449772061,2.054255957,0.638141944,4.10984787,0.073032295,1.453075479,3.299367523,1.799088243,0.754370169,3.224924688,0.163432026,1.812447809,3.048652998,2.236836694,4.910976521,1.66193003,1.549025639,1.156493111,5.930756738,0.367388069,0.762434375
3,Diet-2,3.136774028,220.5582679,1777.838135,858.368987,1.443567286,67.10417104,2805.609201,1159.133879,3.299582369,83.50620686,636.63669,0.250899841,0.207335007,0.112308462,0.582448631,1.748305999,1.339012582,0.044812973,0.101051213,2.663662355,2.080581297,14.0383706,10.79718034,9.903122723,3.644719372,2.637746095,2.234218528,0.636910674,0.439104725,0.066703402,0.855118887,0.04920546,0.028611175,0.043084781,0.053429929,0.130286457,0.367792812,0.045749076,0.014929657,0.036724075,0.052205793,1.343815765,1.570353666,135.67271,4.56559982,8.823364218,0.958171419,383.2427787,54.0583022,77.01670411,10.46953963,0.823838418,0.611299058,4.200887046,28.60966144,10.47205672,0.083549651,3.663025129,5.292243322,0.097459873,2.899022745,1.468566169,2.775773762,0.060719223,0.042039782,0.016648107,0.017619615,2.049306213,4.591699135,0.935708254,1.448139943,0.769804027,0.172890712,0.04220167,0.139970934,0.610125469,6.997594619,9.607200375,5.977461112,1.511621916,0.38013004,4.444952521,2.973000395,3.370703538,143.5030181,488.4591714,48.76576965,0.678612169,20.82444321,27.87373328,173.0928281,724.8951047,225.2203163,253.2385746,54.12202902,2.227204617,3.79331432,64.05390364,405.4958832,315.3062708,63.50749928,5.832278243,2.999136662,45.16166403,87.6583782,9.277276541,1.611680631,2.24414479,1.343728046,10.80204105,6.634646754,2.323074827,3.678716841,24.536091,8.956995574,6.374270707,40.06205758,2.790884226,2.557277376,3.906590094,3.78082327,1.274924881,0.337760992,3.768015754,8.65508818,1.663357467,12.26053412,2.201775741,2.371996558,8.164605011,0.270000299,0.29901724,0.667132534,0.093924434,0.436398031,3.301908574,0.946296823,1.089792485,0.30953482,0.306966574,5.493845586,1.661696079,3.10517276,0.025886291,0.383148136,1.006670992,0.054463126,0.180184894,0.629627985,0.579159909,0.475492446,1.473724914,2.662415262,1.964423008,0.20953628,0.140519758,0.182263951,0.486295386,0.693956439,0.117405542,0.296163633,1.080742475,0.520090245,0.646464266,0.157668409,0.388601887,2.024566328,2.007611405,4.855048416,11.00325005,2.988776406,4.00049554,0.705795083,11.82970974,54.264417,5.362458523,0.588967,0.55109688,1.833111831,1.045141062,0.435554297,0.043099527,0.050902945,0.026826107,0.607494961,0.132796299,0.021741128,0.006421341,0.188946211,0.042099475,3.289612474,0.199547829,12.49965553,7.557848434,195.7281969,11.15335238,24.49954097,1.475937608,34.95187671,20.69358058,0.524616359,6.570976972,5.136893242,4.037967999,11.89063556,9.774261985,12.54306486,11.46753276,36.85421221,23.55691796,2.499382298,0.286380508,1.350994871,0.739232619,0.296608383,4.982925319,0.580720451,10.62998598,0.486878701,5.657805898,4.018958024,0.105900296,5.808739367,2.636722367,1.174096406,3.495753145,0.399205513,1.129328659,1.381379141,0.846996495,2.200585071,0.713245061,0.965439791,2.11478235,0.961888764,10.11630882,8.35513937,12.90133304,20.30587436,12.22355772,41.41821765,9.916805961,22.45075093,2.802199041,28.7502317,16.51710323,9.598084897,4.771146395,8.229380281,15.39022022,8.98965207,3.302484755,2.145991644,10.3447574,10.44050095,1.537686065,1.47667738,7.125101952,0.985490664,0.257394308,0.475155236,1.295199225,3.515347176,1.390730837,1.815119722,1.412996781,2.275579436,0.464467584,1.364011705,0.598191413,1.422072635,8.601881886,19.72183689,21.13751603,11.90782664,7.366458026,21.69504481,4.531505906,2.555239688,8.967896551,14.26712602,11.61836937,0.985490664,2.671467913,9.287125076,3.929374572,14.6086856,2.913276061,3.316734959,4.68208262,11.82232541,0.916466239,1.055851046,0.632352798,1.495380772,0.637696625,2.831337388,0.095743557,1.404981041,2.732476599,1.388504243,0.859020104,2.42822494,0.256058351,1.747431254,2.696851089,2.591755835,3.9241499,1.46465377,1.319873476,1.039374247,4.659816677,0.396779115,0.782253371
6,Diet-2,1.798127672,137.1425102,2160.312916,961.7233396,1.722150447,68.3541773,2043.304371,1970.644817,2.078519815,51.44200867,329.1206784,0.252820054,0.113604606,0.117493037,0.563390516,1.802143973,0.919374017,0.042820752,0.0793048,1.617818553,0.201764556,9.08310714,7.228354062,7.115439952,1.419756099,1.79089077,0.679335708,0.804521273,0.564926686,0.064855197,0.543036257,0.020354259,0.042796749,0.046181124,0.051797748,0.129902414,0.394291752,0.020402264,0.028107119,0.070327804,0.086577607,0.916617391,0.831345522,84.34350508,2.140451971,6.912099714,0.522273637,275.3835796,35.29676883,53.40478672,9.480279972,0.627814687,0.435235391,2.588979352,12.04192463,9.189490093,0.148552339,1.5035846,1.54580102,0.244422472,1.615661246,0.882040554,1.530301059,0.030646648,0.018237847,0.016736426,0.004327625,1.378329799,5.405870452,1.131260766,1.724226446,0.605581971,0.087126028,0.025370505,0.064725728,0.228628441,5.362692675,8.64549662,4.357034061,1.311411075,0.548572024,2.527192906,2.497732136,3.304942095,121.4206806,546.3350873,41.77166316,0.575743293,14.78126487,24.0853431,113.2865185,967.223378,251.0438629,186.9742807,77.73319702,4.876940019,4.342048236,47.91897353,332.3426505,564.4386832,50.38633666,8.47391649,2.046265231,34.8670199,73.70657013,7.589052709,2.052244424,2.00034276,0.875970677,8.692989576,6.762807725,2.159056272,3.369918514,18.78265049,10.44617975,6.422996571,23.35137825,2.738167591,1.351259746,2.572453126,2.547174006,1.56512942,0.253434523,3.355292197,8.531891955,1.461080111,12.71564295,3.211526668,2.230863351,7.2278035,0.188041832,0.164082398,0.615930672,0.129716818,0.745851319,4.281674129,1.409885651,0.902595871,0.521761644,0.332200612,6.172433313,2.961432502,2.371184292,0.034324815,0.551322871,0.895421088,0.057194436,0.145615485,1.111724493,1.083677613,0.444795788,1.448817002,2.334902719,2.517533562,0.211329976,0.182263951,0.208965559,0.737005137,0.569783772,0.121930547,0.468073068,0.691143598,0.735333739,0.771696844,0.092200129,0.346771493,1.398224242,1.308994318,5.949569145,11.59407343,4.334968489,3.524272591,0.926580359,12.77287374,53.32942106,5.292658694,0.618050262,0.331425431,2.074936063,1.094025695,0.432411682,0.023741184,0.038010405,0.040988558,0.623095769,0.104182827,0.021403833,0.007519792,0.115815777,0.074008094,2.888033261,0.165343254,9.096049599,8.402495045,209.7668534,11.53603284,18.21750468,1.09032174,31.86206038,13.08842858,0.442972699,6.857913476,4.098530857,2.953660943,13.73502263,9.194047564,13.50665641,12.97986072,28.23253058,16.41809443,1.006948249,0.092767227,0.405732251,0.314198736,0.03852367,1.297308475,0.299314591,4.463691511,0.235877886,2.111837359,1.662129225,0.100925649,3.648497519,0.905425643,0.466741328,1.432590811,0.316785553,0.509890108,1.082570178,0.358927011,0.602927278,0.204159534,0.331988076,0.619721688,0.313504486,3.800351254,2.88012192,4.716817492,6.69026414,4.605933093,17.06417386,3.696591957,8.821321536,1.173220868,10.5170958,5.471594893,7.1890024,2.359744703,6.037351604,6.689134777,7.879026803,2.393588937,1.730509137,7.122875358,7.579772521,1.252236668,1.289643453,13.55105328,0.919138152,0.096634195,0.23690964,0.385833661,1.269158785,0.513897978,0.70672105,0.469366091,0.753034213,0.245816017,0.484506933,0.364940141,0.480033586,3.961928665,11.53999325,8.221500439,6.190822959,5.42873333,14.25465709,2.355435898,0.921364746,7.136032354,10.90007003,12.25873791,0.392325926,1.183212243,8.728695211,3.490690256,14.5285282,0.874606265,1.826698013,5.319779245,19.31570607,0.663525119,0.720971254,0.419490377,0.770846967,0.175010317,1.082124859,0.005789145,0.292574499,1.542139254,0.716072746,0.346012764,1.070902318,0.029391046,0.538390516,1.699782135,1.394293388,2.373104269,0.506327557,0.735531482,1.090585918,6.718080503,0.161650751,0.271177985
10,Diet-2,3.02280819,253.1615426,2167.939582,1192.712195,1.599139701,107.9473567,4788.4357,2378.732968,6.441783342,200.534651,1829.773996,0.292880499,0.284551575,0.153281009,0.574167712,2.121643426,1.271013037,0.051845753,0.088041769,5.314367353,2.089836552,13.33312018,16.9685843,8.827662105,7.156163074,4.478615213,5.338431015,0.820555052,0.304497788,0.065167231,0.730737085,0.058974544,0.048965433,0.035739966,0.066007324,0.18546858,0.486485982,0.050549609,0.030315364,0.101531266,0.115740843,1.047594275,1.7333903,163.1977274,4.452463347,10.21460722,0.889989252,372.9035977,51.23757413,55.71154313,6.90379774,0.67444705,0.517946012,4.064081117,34.37003893,10.38197147,0.091145074,5.399109154,8.119948579,0.099535366,2.638040484,1.554853704,2.949187863,0.045837493,0.044998464,0.020225021,0.011967207,2.500759162,4.982804158,0.937180155,0.988696677,0.505072186,0.092323888,0.037622603,0.112867809,0.461259242,10.0842376,9.10246059,6.450747977,1.325694491,0.181710251,3.827054988,3.693633879,3.981375842,156.4306214,467.0563069,39.74664759,0.630347887,21.82006604,23.74630031,89.02729207,679.1086099,167.4061105,335.4063443,68.0003773,2.097911959,3.884780526,68.68047919,503.9490066,476.6974427,95.01654234,7.336014838,3.848090999,64.09454373,207.3893604,16.68983446,2.93734246,2.290097632,1.50234588,7.940148619,5.074771459,2.781488617,4.073832089,26.56803839,6.677340728,9.457943618,41.80361172,2.944377174,2.23421168,4.060903885,3.784659336,1.335999582,0.271390085,3.0890913,7.471156301,1.542152484,12.98684935,3.66644888,2.734493999,9.439649954,0.379056986,0.286339072,0.590085147,0.078922614,0.543979012,3.029062986,0.90483799,0.961584002,0.317524919,0.187196614,5.804358785,1.818481397,5.080969429,0.045535413,0.681640516,1.934093243,0.115897207,0.130654431,0.437417176,0.398852717,0.298813411,1.692637331,1.868827176,2.085171347,0.142517283,0.057357499,0.377043007,0.648828683,0.820208162,0.172765516,0.428244868,1.321301538,0.978827941,0.975159018,0.099996919,0.405309293,1.623712343,1.539309003,3.813372593,5.854770086,1.805668754,4.990069008,0.516815758,6.20315044,49.78448079,4.554562626,0.665202275,0.404195466,2.359704516,1.217784257,0.285995769,0.032072246,0.04264719,0.036815718,0.561035518,0.11315529,0.020904156,0.006660181,0.133206148,0.081011846,3.939335483,0.199054132,16.20404489,9.719538974,298.0736955,16.47747022,50.21147733,2.298742163,66.86433529,27.23187553,0.807698035,11.49749661,6.079943185,6.53868621,15.028256,12.90765302,19.76778,15.10897823,49.59315172,20.88458912,2.199112575,0.249050753,0.839919485,0.660314811,0.188996808,5.057545032,0.441788496,11.15634348,0.741700044,6.018845916,5.148203008,0.181873113,6.680228399,2.188645917,1.178076124,4.439829154,0.330157406,1.214829883,1.342636399,0.841207349,2.769207179,0.992024307,1.498443423,3.49952523,0.829629059,19.29210417,14.20202167,20.69931181,35.25019304,19.533467,94.3069588,16.32049134,42.59875798,4.287230815,52.33699107,31.69332007,17.47923985,6.272761631,13.22420496,29.13409656,11.63885404,3.980705397,4.324936885,12.1264782,14.38112765,1.752329761,1.736298282,7.500505762,1.629421753,0.219987523,0.956099618,2.976669879,9.710623323,3.553644599,4.487032955,3.103427219,3.685904304,1.074554438,2.85850184,1.236498384,2.52222588,18.01104957,33.32632843,57.09024869,31.96454332,12.71766645,61.60719403,9.800453558,3.744686395,20.23089648,21.62958293,17.19598824,1.540803297,4.359671757,16.42157872,5.228792297,16.91855459,5.801614265,9.266195089,7.635882699,14.80017271,1.926004122,2.820649735,1.246002204,4.051511098,1.697110221,7.933355705,0.330426603,3.231233735,6.645048208,2.78324295,1.79240846,7.168626244,0.335325111,4.412664703,6.887301675,5.440015341,11.26701278,3.865813128,3.074769927,2.023974273,10.22630258,1.580881996,3.614578878
11,Diet-2,2.056812036,136.8440282,1722.888511,1129.166291,1.666072018,73.83358245,2811.463065,1431.347616,3.163908752,56.50534807,549.219465,0.125749954,0.189597038,0.097858859,0.50259177,1.650927193,0.848518155,0.028251135,0.05208578,1.965816137,1.528968106,12.37242472,13.71073458,14.63811112,4.101928963,3.977906217,4.040844281,0.962194769,0.249339668,0.056886312,0.481949479,0.034923875,0.033555723,0.02568285,0.057990435,0.170130878,0.447601668,0.027771082,0.027267026,0.04262873,0.0757044,0.699132174,0.86671723,88.18776053,3.111782902,6.444672095,0.532121191,318.9777738,34.30662598,56.43253422,12.10224642,0.495159744,0.38997197,3.463159526,18.36780785,9.829669422,0.078294678,1.610406274,3.675919684,0.117596575,1.739219345,0.844505034,1.898369949,0.03051417,0.0250384,0.015720759,0.010509946,1.557270861,4.376591372,0.905849699,1.510590584,0.617146905,0.048513357,0.03440488,0.042696704,0.246651989,5.858071181,9.598419106,4.32874982,0.905537641,0.344532376,2.003872479,1.827819497,3.224915899,108.0899945,539.1746298,57.67853289,0.367845854,14.67843588,21.32094963,143.9982829,718.3067359,243.7949737,113.3645372,54.61420998,4.109395674,3.691399499,52.64387532,327.9127639,430.9249972,58.41763272,6.051691593,1.784172583,26.9897799,96.35648228,8.430160298,1.869869372,2.41785136,1.107966465,6.396684971,4.534669079,1.663736076,2.220345368,12.64168415,4.806182193,4.303312444,23.80427959,1.364990976,1.250810912,2.35966645,2.325305413,0.798140877,0.209113338,1.849503008,4.504638158,0.642124974,4.65607698,1.561426787,1.686456839,4.992475982,0.255937866,0.277533656,0.473087263,0.188052696,0.65820482,2.700042108,1.681956688,0.562242096,0.330121556,0.335869535,4.222359871,1.91212047,2.137555417,0.02804688,0.28581034,1.044420135,0.05637912,0.105420393,0.5095319,0.659876219,0.269788152,0.799213768,1.112784404,1.153101793,0.113655087,0.047981362,0.161717981,0.42082549,0.588128387,0.088054157,0.209169388,0.656207296,0.39453154,0.564606513,0.041706636,0.154821962,0.706661393,0.77064457,2.100677844,5.356394354,1.855031465,1.936945265,0.241329197,7.286532898,23.86522996,2.406980287,0.251972434,0.147025173,0.902694957,0.652455143,0.219594901,0.024082151,0.032549483,0.030818452,0.503051962,0.09404425,0.017797643,0.006467255,0.128432258,0.071716181,3.324728808,0.152182422,15.38625805,23.34579823,243.1658924,13.21237052,30.45915611,1.528858581,39.0823038,18.48431863,0.546694946,9.100283338,4.705498132,3.999390322,20.07366783,10.47531733,19.18429895,15.36454222,45.91105187,16.78629222,1.604662097,0.19771239,0.817513672,0.448275436,0.206985133,2.029298008,0.464711671,8.394618173,0.46614437,3.430755703,3.454315633,0.166232821,9.818835809,1.656796402,1.012997421,4.047503228,0.786591264,1.444614421,2.237282013,0.49341331,1.310322153,0.279933364,0.863797793,1.453233826,0.666642351,9.164662386,6.663719421,11.45226543,27.41476504,9.859359827,54.53953821,7.466661527,41.26235604,3.728080435,53.36434171,28.43086664,23.60868213,7.535685952,21.6164751,27.92060264,26.36510382,8.326572269,5.600330135,26.75832038,29.41197554,5.53486826,3.791890195,33.78099899,2.211453518,0.200393492,0.380302317,1.361103355,5.200433788,1.956731124,2.68081961,2.019966404,2.985417718,0.96723259,2.225258404,0.496987184,1.384902068,9.777928354,27.98740047,31.35735227,19.18745424,18.25624,44.56350484,8.066331234,2.891010117,23.92335843,30.97237287,34.90364787,1.648125145,5.056150473,31.73698537,8.562840853,44.38849453,5.235613978,4.82458466,14.12818653,34.94239061,1.744314022,2.946674976,1.209931375,3.454783809,0.994397041,7.147367896,0.13804885,1.900175627,5.142097015,2.852267375,2.042232347,4.154308233,0.168330534,1.767915922,5.110924694,4.37837515,9.878953857,1.895277119,3.270174081,2.668796,13.45174717,0.623001102,1.516391951
12,Diet-2,1.602757664,244.5001389,1753.633962,1128.661585,2.07309287,96.33550409,4044.911716,2951.606676,3.789816372,173.8919706,1549.177439,0.330324654,0.357519672,0.156905411,0.696293263,2.049755449,1.424366053,0.082017101,0.135183,0.877398163,1.334607754,9.801314919,15.1712138,15.34151049,3.331891757,3.180103714,0.551613191,0.764100788,0.317603242,0.07380819,0.586505081,0.04812534,0.034923875,0.030147345,0.044188903,0.142719837,0.284935618,0.056910315,0.03523591,0.049229463,0.084849415,1.405329858,2.045729983,140.3338709,5.871041035,13.03317147,1.076474546,436.5970912,57.75912781,54.5415389,12.12843297,0.983033181,0.580299135,3.848627234,27.39298069,13.97615204,0.12271907,4.229988114,8.626898892,0.136540973,2.583901017,1.500758397,2.907059762,0.054139467,0.040847477,0.021373167,0.011128178,2.117223913,5.200435179,1.081636688,0.825105436,0.519160378,0.159772304,0.028959504,0.079452997,0.375702618,13.69813373,10.27475134,6.166606826,1.639737201,0.450226393,4.585610635,3.708093183,3.943078639,147.9442771,523.6081984,59.21333664,1.01118912,21.92553708,26.89648703,134.0486982,753.3799446,195.3765936,280.8251578,88.94703801,5.059586128,4.015717904,56.10158356,580.0316904,628.2319121,120.6673976,12.97942901,3.782831107,84.76068636,189.8771992,22.93963863,4.11386229,2.306767818,1.592110513,7.539771627,4.871199447,2.334842723,3.471908495,31.12314148,10.59158446,8.512542456,40.96580483,2.899938521,2.496674955,4.840983054,4.190291989,1.16370588,0.288586895,2.820125271,7.079287508,1.637895522,12.25423558,4.199628876,2.620688513,8.623621428,0.373539715,0.289111147,0.641980027,0.170971821,0.499218149,2.570936777,0.924568644,1.061460245,0.495467694,0.133956462,5.584141862,3.337660192,6.173126332,0.031593505,0.75447443,2.010243782,0.131428982,0.128616141,0.477326907,0.395102262,0.347039368,1.090893162,1.693208053,1.932666439,0.094658218,0.089684789,0.349729912,0.46542329,0.823224832,0.120789105,0.260860439,1.194927517,0.675774886,0.885678058,0.072275001,0.343801287,1.921722962,1.280158573,3.678352001,8.401350031,3.295561965,4.293432058,0.615451332,9.742892851,49.4111012,4.57485903,0.742427618,0.244423161,2.125553315,1.404659687,0.681513383,0.037260362,0.058041303,0.031743556,0.600806417,0.10702853,0.022284386,0.00669868,0.178720076,0.073999259,3.709131939,0.198827163,19.69277765,10.06920642,283.6826088,15.17556517,34.72502589,2.178943769,48.74106799,19.87717172,0.736756468,9.175109835,6.691841417,5.405030985,13.72649573,12.94605165,17.81798593,11.76698241,40.60347954,22.2493118,2.060220417,0.201891094,0.678263339,0.666005808,0.19066829,1.857334393,0.344046621,6.938837327,0.404936307,7.055761442,3.030714449,0.179763862,5.7717779,2.028900036,1.288274515,3.09140361,0.660712783,2.245743072,2.733367236,0.894645614,1.56693437,0.742297002,0.994213152,2.186656058,0.661743844,7.488927471,4.528282334,9.68034164,22.79363588,6.16677574,64.80235694,3.015254082,36.65063381,4.420790151,45.29961694,22.61347405,18.65289849,6.628126091,22.96333106,23.22738705,20.43969091,7.692438195,7.435489206,14.26222751,21.49598727,4.002971341,3.671208781,18.88819996,2.126397614,0.157197562,1.038038291,2.181363033,7.040491367,2.483543349,3.540730351,2.615803054,3.550527367,1.119086325,2.334361527,0.560384092,0.964046889,5.543389006,16.80232636,31.33665774,12.77263589,9.610103645,42.17837696,7.003069975,1.6895398,24.30636649,16.99336816,26.26713367,1.165399488,3.836422082,28.04885447,6.783031367,28.41312531,2.473746334,8.837353015,10.40353949,38.76322653,1.561733284,1.587561779,0.696924035,2.378448095,0.574461345,3.657403896,0.195494985,2.825993562,4.861991445,1.206368824,1.081234221,2.646512473,0.058336772,3.362602803,5.687167315,3.791444876,4.590346933,2.936877961,2.135914653,1.868557987,13.94026197,0.535718603,1.089408007
13,Diet-2,2.442125109,202.0831393,1356.719891,781.8617298,1.995306663,92.75733857,3425.601451,1085.007242,3.478671543,102.9726574,801.6085726,0.244011076,0.455450539,0.222792722,0.944192771,2.157335386,1.632925196,0.061302802,0.131534596,3.357806471,5.036709706,13.04250518,19.96543583,11.20070946,9.645826637,4.827538117,7.593011104,0.829340027,0.278406893,0.037516163,0.820771076,0.044452933,0.0757044,0.043012773,0.052421817,0.152848961,0.335797261,0.062334917,0.027002996,0.035811974,0.082833191,1.171549809,1.522970592,141.4032799,5.793452908,8.029863332,0.853071964,371.4353406,53.92485239,60.55923342,8.813781621,0.757201831,0.563651028,4.858465192,30.47641323,7.995418972,0.094677829,4.536012998,6.853191028,0.116580908,3.186633145,1.533922132,3.906431934,0.045130943,0.06252976,0.012232163,0.014925889,2.171684236,5.51500137,0.901013454,1.114228773,0.595909482,0.130317767,0.023885403,0.103214641,0.450882769,10.81681418,6.837261887,4.705926384,1.142086111,0.183442586,3.076688879,2.626229854,2.902684225,158.7162818,553.0712101,37.43212991,0.531509676,14.87838019,18.24150068,116.8296405,637.6659203,178.5800073,203.2362218,43.4651644,1.823504822,3.358208916,64.89052264,434.8231062,341.4460148,65.08132297,6.257580234,3.335211179,53.87738021,176.457495,15.40869568,2.362834499,2.41108352,2.041078052,8.805205594,6.13143938,2.56960226,3.858823809,21.67080227,8.273079564,9.7578204,39.84660338,2.521333978,2.170685902,3.827177845,2.728852921,1.299969235,0.484724497,3.439529222,5.877481957,1.290261648,14.14767236,4.016668411,2.628656751,9.393323603,0.400476506,0.264040172,0.578670719,0.05336245,0.44789399,3.571492897,0.662118338,1.106343405,0.267260672,0.243290373,7.553212173,2.026305512,5.655889693,0.059151195,0.634895988,2.274895442,0.077862703,0.133059614,0.323599025,0.254460206,0.29375845,1.123587344,1.245558657,1.45273052,0.177942775,0.057846689,0.254093314,0.649807063,0.773245945,0.153890945,0.273090183,0.909403762,0.567256291,0.582543471,0.080814341,0.300980825,1.115188409,1.232140251,3.597042626,5.928282672,1.450090007,2.518858027,0.403700432,6.796077714,38.15303227,2.793725795,0.537730955,0.351226801,2.01404685,0.810123552,0.184293244,0.036089455,0.047090228,0.028840602,0.626683416,0.143283242,0.021546215,0.005764478,0.117245726,0.070201321,3.124766838,0.189395238,11.97735044,9.558183255,265.9281162,15.57488587,33.14011534,1.93639197,66.27321276,26.68314351,0.632963093,9.337196315,5.917898297,4.076259292,13.25348249,10.31410382,15.36853251,11.51872838,39.69673275,19.70374634,1.648558386,0.181395547,0.656414688,0.484252087,0.195006182,4.448449191,0.376162946,10.53307985,0.574432497,6.204698746,3.79123856,0.117322087,4.972430525,2.31969803,1.026409071,4.385054933,0.235838089,1.062530829,1.244666247,0.826957145,1.949027095,0.875259381,1.29539821,2.629598671,0.752588894,9.531605137,8.080021464,12.8153865,35.51476469,9.812156026,89.54516411,7.969871853,45.54008913,4.899391038,48.86528515,37.22568526,18.0050004,6.740346447,15.99794901,37.24468918,15.49531547,4.547596321,3.761163193,13.62141366,16.27818605,1.910417961,2.394034256,7.073890282,1.300331106,0.199948174,1.036257015,2.368369982,5.871084009,3.042418534,3.092294247,3.067356391,2.962706456,0.801128651,3.698818551,1.007386018,1.311237488,12.39009586,28.64914431,36.31003174,16.18377845,8.783396824,35.83124708,8.917990887,3.147068469,20.37555922,20.08299049,17.10158064,1.866331393,4.521767827,18.03096113,7.991791116,20.3617601,6.64059502,9.085840946,9.098309874,14.0092864,0.912458369,1.504732469,1.074109119,4.248342039,1.116859731,9.031957362,0.291683861,3.553644599,6.205073163,2.548114586,1.651687696,6.921167379,0.415037189,4.065315983,6.042977093,5.244965675,8.695741614,3.583480963,2.938504383,2.248414985,10.76202118,0.944076009,1.849175971
15,Diet-2,3.860366653,250.473396,1581.614287,625.061017,2.033295276,86.5235881,3285.070719,1125.492249,3.299582369,111.6611959,559.722412,0.251331889,0.303537682,0.113052545,0.480989372,1.244226064,1.336012249,0.042220685,0.110724286,3.620655709,2.460046747,11.80230102,13.13875983,7.916945025,4.803477283,5.101493501,3.154190863,0.71923981,0.223152762,0.043540831,0.658345053,0.043444821,0.026666959,0.022130456,0.028851201,0.113700617,0.321539679,0.02784309,0.028851201,0.035907984,0.057774411,0.829358348,0.981620079,90.6661205,3.646244543,6.049710109,0.675860152,207.8310814,41.39266971,51.00869578,5.742757877,0.567227942,0.490434684,4.102234869,27.21135293,9.423976693,0.058467092,4.298920992,4.346922298,0.080370172,1.930562177,1.122930271,1.989647501,0.030381691,0.023978573,0.018237847,0.013645265,1.667663408,4.280076746,1.224411048,1.543182669,0.836880641,0.080443066,0.019677611,0.087249787,0.348677563,6.209350735,7.758680191,5.004527925,1.328972176,0.214285459,3.111374672,1.984064473,2.876382272,171.5295399,391.4076449,30.43019622,0.493552325,18.82131698,18.22681371,125.7292388,557.6798551,130.3864954,232.6686086,58.35328393,1.823281171,2.709656336,54.10251079,405.8647804,403.4035705,49.8454259,5.652644087,3.048238804,58.54678863,95.14990466,11.06119727,1.744255218,2.091585538,1.191276558,7.627665422,5.023592336,1.971662455,2.580948491,28.55771299,7.972338167,7.344393739,35.17426331,2.165942279,1.616082579,3.342196155,2.966130802,1.341669479,0.292573197,2.657704431,5.659564856,1.106566347,10.65931284,2.439284966,1.883814829,8.148439438,0.251270048,0.287765876,0.95294165,0.075539052,0.684947194,3.289434235,1.015068749,0.957792782,0.37019435,0.377450665,7.284687761,2.193037689,3.274228587,0.039665136,0.751975812,1.726187595,0.121522889,0.160902665,0.650296253,0.460898284,0.380263506,2.024593348,2.524504516,2.060181903,0.168851998,0.066122149,0.296285931,0.459349183,0.643651425,0.139541379,0.316179647,1.161295721,0.547484872,0.496242244,0.025989298,0.226973204,1.29587591,0.99798905,2.86736214,4.61792701,1.309055479,2.440766374,0.351969352,5.542774749,31.97265341,2.986541636,0.455431511,0.192320806,1.778039271,0.772748466,0.564324003,0.032107062,0.047510737,0.031870598,0.585430223,0.111909336,0.019587907,0.005903205,0.147054421,0.060033453,3.350139642,0.206058181,13.04919405,8.882771865,245.7503984,13.11794397,24.77731689,1.322460093,36.46183346,17.12028589,0.640492523,7.099991446,4.317140393,3.458999664,11.71114489,9.045606918,13.20434233,8.731694461,35.34538366,23.37193065,1.543692817,0.204955477,0.612040832,0.531133165,0.206587162,5.560501793,0.498778057,7.808206725,0.634566036,5.410824599,3.73548271,0.102477739,6.582703566,2.032044013,0.940208379,4.861546126,0.270939202,1.345753631,1.611608998,0.908895818,2.169463676,1.00412265,1.207366848,2.285313267,1.100382933,14.74139062,8.939282379,17.16837847,28.68946872,16.05508129,77.73219039,12.0178204,47.29420017,4.305736503,56.48424573,23.58134147,9.880366295,7.830041727,8.924278842,29.71523769,9.691474612,5.501024026,4.273725215,13.09504675,14.28182154,2.019966404,2.01328662,6.926044417,0.821168,0.238690915,1.172079271,1.724968972,5.551790378,2.333025571,2.895908625,2.647420694,2.109475497,1.007311289,2.976066022,0.862524283,1.286483642,10.20144994,22.36614035,29.51231521,17.95881947,5.176379411,45.00926903,5.244114212,2.879431827,12.27452485,19.90263635,15.83910164,1.593796243,4.20069292,20.53142659,4.026320502,14.51605927,5.157683176,8.006388,8.504699818,12.47115501,1.616507505,1.624077926,0.673322135,2.565036703,0.937396226,5.157683176,0.308160659,3.378634282,5.861732312,2.847814187,1.782611445,3.806043111,0.403904217,3.235241605,5.961929059,4.936805015,6.594281857,4.558283974,1.678525663,2.34504918,9.088958178,0.889747106,1.319992868