DogID,1,4,5,7,8,9,14,16,2,3,6,10,11,12,13,15
CE 16:1,4.602049093,4.743149655,5.226147732,4.611094001,4.182365371,7.197937635,3.695749331,4.365072509,2.939595038,3.136774028,1.798127672,3.02280819,2.056812036,1.602757664,2.442125109,3.860366653
CE 18:1,241.2349272,397.4911365,329.5729238,436.2250498,244.6086778,330.9441318,192.9025578,287.7221354,182.9965748,220.5582679,137.1425102,253.1615426,136.8440282,244.5001389,202.0831393,250.473396
CE 18:2,2302.021296,3245.311113,2907.518177,2334.736727,1808.541979,2533.283307,1597.996424,2140.037851,1284.159831,1777.838135,2160.312916,2167.939582,1722.888511,1753.633962,1356.719891,1581.614287
CE 18:3,64.68737167,65.3223242,47.80052879,77.97072328,37.97956789,109.9697981,47.06789126,60.22642314,646.1247983,858.368987,961.7233396,1192.712195,1129.166291,1128.661585,781.8617298,625.061017
CE 20:2,2.15449704,2.556090947,2.301024547,3.437064968,0.593345952,1.432713397,0.719974662,2.329968252,1.52858942,1.443567286,1.722150447,1.599139701,1.666072018,2.07309287,1.995306663,2.033295276
CE 20:3,93.70886287,106.9632708,132.6906065,148.9786765,47.69379888,74.63496128,94.73636439,101.6213482,70.51771924,67.10417104,68.3541773,107.9473567,73.83358245,96.33550409,92.75733857,86.5235881
CE 20:4,4643.538085,5781.40196,5991.305326,8937.843236,3999.348897,4103.947829,3218.078705,4743.932944,2130.882595,2805.609201,2043.304371,4788.4357,2811.463065,4044.911716,3425.601451,3285.070719
CE 20:5,694.820773,1026.095948,920.2578642,1013.358909,304.3629568,864.6172093,356.7112652,615.6054704,1028.22512,1159.133879,1970.644817,2378.732968,1431.347616,2951.606676,1085.007242,1125.492249
CE 22:4,12.64116315,32.79321775,26.16149135,36.00596901,9.804680065,9.913218959,4.625565854,9.52066996,1.52858942,3.299582369,2.078519815,6.441783342,3.163908752,3.789816372,3.478671543,3.299582369
CE 22:5,180.4024952,289.4515217,281.1989479,339.9781858,145.6230157,123.1536557,105.3333784,157.759473,67.33933864,83.50620686,51.44200867,200.534651,56.50534807,173.8919706,102.9726574,111.6611959
CE 22:6,573.9211083,1071.761879,1306.795617,1032.68245,282.0093716,466.8655794,335.7958204,262.447045,429.3545378,636.63669,329.1206784,1829.773996,549.219465,1549.177439,801.6085726,559.722412
Cer d18:1/16:0,0.305937948,0.552445301,0.569295171,0.552469304,0.221712602,0.37525764,0.245379228,0.349286758,0.166650492,0.250899841,0.252820054,0.292880499,0.125749954,0.330324654,0.244011076,0.251331889
Cer d18:1/18:0,0.681627636,0.58343274,0.487398084,0.64579166,0.255004296,0.471700342,0.26513342,0.541500087,0.171090985,0.207335007,0.113604606,0.284551575,0.189597038,0.357519672,0.455450539,0.303537682
Cer d18:1/20:0,0.221040528,0.323843935,0.271542131,0.270317996,0.168234668,0.174883406,0.085449482,0.174763392,0.113340577,0.112308462,0.117493037,0.153281009,0.097858859,0.156905411,0.222792722,0.113052545
Cer d18:1/22:0,1.022105417,1.242881915,1.322066702,1.318754334,0.638662869,1.201525326,0.554941578,0.905236449,0.434784245,0.582448631,0.563390516,0.574167712,0.50259177,0.696293263,0.944192771,0.480989372
Cer d18:1/24:0,1.837811931,1.60889853,2.120395287,2.431325789,1.158272526,2.208605075,0.975204212,1.377104809,1.287286842,1.748305999,1.802143973,2.121643426,1.650927193,2.049755449,2.157335386,1.244226064
Cer d18:1/24:1,1.344341173,1.726727604,1.822498231,1.980723789,1.121452441,2.068669548,0.806105449,1.525393264,1.091017064,1.339012582,0.919374017,1.271013037,0.848518155,1.424366053,1.632925196,1.336012249
Cer d18:2/22:0,0.068479599,0.103283461,0.092986318,0.10102721,0.058494491,0.100067104,0.023690629,0.043300805,0.053789969,0.044812973,0.042820752,0.051845753,0.028251135,0.082017101,0.061302802,0.042220685
Cer d18:2/24:1,0.087825745,0.121261456,0.15824956,0.181244112,0.095674616,0.168114655,0.039388371,0.062550941,0.108468036,0.101051213,0.0793048,0.088041769,0.05208578,0.135183,0.131534596,0.110724286
DG 16:0_20:4,8.783236882,10.56394792,24.68376477,10.67315993,6.432402142,6.156595547,2.872831115,7.935455535,3.213424495,2.663662355,1.617818553,5.314367353,1.965816137,0.877398163,3.357806471,3.620655709
DG 16:0_22:5,6.600847781,5.740109077,13.99579643,4.964518718,3.437401663,2.684023915,0.499783764,2.437834136,0.668229402,2.080581297,0.201764556,2.089836552,1.528968106,1.334607754,5.036709706,2.460046747
DG 18:0_20:4,15.29523422,18.09402329,32.89317585,15.14900119,13.81809554,12.07625657,12.76669858,12.68155024,8.053922797,14.0383706,9.08310714,13.33312018,12.37242472,9.801314919,13.04250518,11.80230102
DG 18:1_18:2,48.68078962,41.45983976,86.24231603,59.62975615,20.28566765,20.44300698,18.44016982,19.13801604,12.58344454,10.79718034,7.228354062,16.9685843,13.71073458,15.1712138,19.96543583,13.13875983
DG 18:1_18:3,5.327324709,5.082985981,10.28443922,6.014064622,3.174552424,3.864994438,1.116183739,2.167580693,6.027021978,9.903122723,7.115439952,8.827662105,14.63811112,15.34151049,11.20070946,7.916945025
DG 18:1_20:4,21.11493849,14.23273096,28.80605529,18.89737942,17.24994405,14.51964386,7.370884987,14.80840781,4.201885716,3.644719372,1.419756099,7.156163074,4.101928963,3.331891757,9.645826637,4.803477283
DG 18:2_18:2,6.776693653,8.553701549,18.73910358,12.26598211,3.840003,4.038065338,3.826120126,4.069533187,3.547537117,2.637746095,1.79089077,4.478615213,3.977906217,3.180103714,4.827538117,5.101493501
DG 18:2_20:4,16.15597292,9.381126347,26.94945116,16.51507681,12.17806437,10.26222661,6.563826761,11.11185901,4.881221424,2.234218528,0.679335708,5.338431015,4.040844281,0.551613191,7.593011104,3.154190863
GM3 d18:1/16:0,0.884114105,0.744730638,0.646991793,0.821875198,0.686788209,1.020089193,0.739570066,0.77403789,0.716623519,0.636910674,0.804521273,0.820555052,0.962194769,0.764100788,0.829340027,0.71923981
GM3 d18:1/18:0,0.347198526,0.385314756,0.390955382,0.322187751,0.338437554,0.471484318,0.411021609,0.470284185,0.395875928,0.439104725,0.564926686,0.304497788,0.249339668,0.317603242,0.278406893,0.223152762
GM3 d18:1/24:0,0.05064562,0.061110781,0.052469822,0.054846086,0.036003995,0.069631727,0.067279466,0.044596949,0.060342696,0.066703402,0.064855197,0.065167231,0.056886312,0.07380819,0.037516163,0.043540831
Hex2Cer d18:1/16:0,1.058037404,1.623348133,0.838389031,1.251474869,1.153904042,1.75985128,0.483293628,0.922086318,0.524290177,0.855118887,0.543036257,0.730737085,0.481949479,0.586505081,0.820771076,0.658345053
Hex2Cer d18:1/20:0,0.079328803,0.082977207,0.05470207,0.055110115,0.053525939,0.056838307,0.028083116,0.038788304,0.030579393,0.04920546,0.020354259,0.058974544,0.034923875,0.04812534,0.044452933,0.043444821
Hex2Cer d18:1/22:0,0.058782523,0.052277801,0.055374145,0.062070888,0.03677208,0.083193231,0.035043889,0.050189569,0.038236243,0.028611175,0.042796749,0.048965433,0.033555723,0.034923875,0.0757044,0.026666959
Hex2Cer d18:1/24:0,0.042436709,0.05074163,0.035115897,0.036268024,0.038476269,0.035307918,0.028467159,0.026954991,0.024938767,0.043084781,0.046181124,0.035739966,0.02568285,0.030147345,0.043012773,0.022130456
Hex2Cer d18:1/24:1,0.079928869,0.076616502,0.056670288,0.054270022,0.051293692,0.06903166,0.048773412,0.056070222,0.055662176,0.053429929,0.051797748,0.066007324,0.057990435,0.044188903,0.052421817,0.028851201
Hex3Cer d18:1/16:0,0.170922966,0.234650038,0.17735568,0.13211066,0.146008202,0.14581618,0.123397693,0.141015648,0.118933197,0.130286457,0.129902414,0.18546858,0.170130878,0.142719837,0.152848961,0.113700617
Hex1Cer d18:1/16:0,0.330348657,0.521625882,0.384906711,0.475420755,0.28198329,0.313210755,0.25999685,0.462075274,0.402284639,0.367792812,0.394291752,0.486485982,0.447601668,0.284935618,0.335797261,0.321539679
Hex1Cer d18:1/18:0,0.057486379,0.055398147,0.042388704,0.083385253,0.053045886,0.040276469,0.040492493,0.057054331,0.024026666,0.045749076,0.020402264,0.050549609,0.027771082,0.056910315,0.062334917,0.02784309
Hex1Cer d18:1/20:0,0.016033779,0.037276136,0.020714299,0.040588504,0.029331255,0.023738634,0.032307585,0.031947545,0.013081452,0.014929657,0.028107119,0.030315364,0.027267026,0.03523591,0.027002996,0.028851201
Hex1Cer d18:1/22:0,0.070855862,0.113052545,0.073424147,0.097546824,0.043924874,0.081080997,0.055254131,0.070063775,0.034899873,0.036724075,0.070327804,0.101531266,0.04262873,0.049229463,0.035811974,0.035907984
Hex1Cer d18:1/24:0,0.07191198,0.122797626,0.08480141,0.084849415,0.068023548,0.080720957,0.073520158,0.0711919,0.063127005,0.052205793,0.086577607,0.115740843,0.0757044,0.084849415,0.082833191,0.057774411
LPC 14:0,1.673421787,2.119697037,2.669261205,3.037771689,1.40281277,1.682739428,1.209217807,1.227146538,0.910788346,1.343815765,0.916617391,1.047594275,0.699132174,1.405329858,1.171549809,0.829358348
LPC 15:0,1.727296298,2.236940337,2.462285933,2.518456734,1.364040786,1.549377934,1.398396826,1.245516863,1.061813613,1.570353666,0.831345522,1.7333903,0.86671723,2.045729983,1.522970592,0.981620079
LPC 16:0,223.9359832,279.5595166,306.1166033,298.0602002,152.9827228,215.6405009,190.0644601,166.7477486,103.6310656,135.67271,84.34350508,163.1977274,88.18776053,140.3338709,141.4032799,90.6661205
LPC 16:1,7.757090502,10.32350438,11.18885267,11.87447206,6.444142182,7.032125058,6.404133734,5.492859635,2.860824833,4.56559982,2.140451971,4.452463347,3.111782902,5.871041035,5.793452908,3.646244543
LPC 17:0,8.34887109,11.85164163,10.77088362,9.577519048,5.861061003,7.475353307,7.457247939,6.188635691,6.265826384,8.823364218,6.912099714,10.21460722,6.444672095,13.03317147,8.029863332,6.049710109
LPC 17:1,1.044149839,1.359271567,1.275633597,1.329198992,0.850775674,1.052054378,0.8127544,0.795973815,0.62052838,0.958171419,0.522273637,0.889989252,0.532121191,1.076474546,0.853071964,0.675860152
LPC 18:0,242.1295821,495.3263576,552.6647343,343.6536686,188.807506,249.7393125,183.5718309,224.7607048,205.4373751,383.2427787,275.3835796,372.9035977,318.9777738,436.5970912,371.4353406,207.8310814
LPC 18:1,66.58624558,78.99173484,76.73134584,72.24236264,51.35525903,70.695281,41.81540798,46.7280568,34.44038491,54.0583022,35.29676883,51.23757413,34.30662598,57.75912781,53.92485239,41.39266971
LPC 18:2,93.90684895,77.56118994,67.35015964,60.71357064,58.49349921,94.76959183,50.13981474,64.61342282,39.50882821,77.01670411,53.40478672,55.71154313,56.43253422,54.5415389,60.55923342,51.00869578
LPC 18:3,0.81513901,0.787097768,0.714632136,0.671576687,0.552920285,0.91202481,0.534329163,0.590367486,6.725923536,10.46953963,9.480279972,6.90379774,12.10224642,12.12843297,8.813781621,5.742757877
LPC 20:1,0.735254592,0.843666005,0.798049308,0.794384075,0.502622689,0.621985641,0.420530299,0.484340682,0.475243839,0.823838418,0.627814687,0.67444705,0.495159744,0.983033181,0.757201831,0.567227942
LPC 20:2,0.808559254,0.713748947,0.66115506,0.636867371,0.47126949,0.454886339,0.382067431,0.518829201,0.356278321,0.611299058,0.435235391,0.517946012,0.38997197,0.580299135,0.563651028,0.490434684
LPC 20:3,6.941244941,3.993116905,4.31857194,4.043370342,2.628678684,3.392592749,3.70435836,4.003008618,2.952676458,4.200887046,2.588979352,4.064081117,3.463159526,3.848627234,4.858465192,4.102234869
LPC 20:4,49.94754456,59.5760236,72.53544881,57.79829722,41.71366464,38.62970218,29.17128113,40.2269931,15.94575116,28.60966144,12.04192463,34.37003893,18.36780785,27.39298069,30.47641323,27.21135293
LPC 20:5,6.119702814,4.995094484,3.6652331,2.562395372,3.251635833,5.459033507,2.314219348,3.942068598,5.988240176,10.47205672,9.189490093,10.38197147,9.829669422,13.97615204,7.995418972,9.423976693
LPC 22:0,0.082578143,0.118435605,0.096620844,0.113533907,0.066724906,0.090968436,0.067563935,0.077279011,0.074364488,0.083549651,0.148552339,0.091145074,0.078294678,0.12271907,0.094677829,0.058467092
LPC 22:5,9.460010792,11.3144421,8.938267068,7.82368293,6.391018382,4.891408131,2.812337774,5.50959606,1.965978044,3.663025129,1.5035846,5.399109154,1.610406274,4.229988114,4.536012998,4.298920992
LPC 22:6,7.56654254,8.063115386,8.712568196,5.258063919,4.539678231,4.809492379,3.190386696,3.190033421,2.653937881,5.292243322,1.54580102,8.119948579,3.675919684,8.626898892,6.853191028,4.346922298
LPC 24:0,0.1062476,0.124043853,0.122056678,0.154558022,0.072774749,0.092823132,0.09458951,0.098563859,0.095119423,0.097459873,0.244422472,0.099535366,0.117596575,0.136540973,0.116580908,0.080370172
LPC O-16:0,4.27251365,3.065018061,3.450618247,2.773300833,2.684098775,2.416934193,2.069841035,2.19132364,1.630940411,2.899022745,1.615661246,2.638040484,1.739219345,2.583901017,3.186633145,1.930562177
LPC O-18:0,2.028110369,1.806209208,2.043875287,1.88105945,1.628070048,1.329287311,1.066141238,1.417871137,0.759498122,1.468566169,0.882040554,1.554853704,0.844505034,1.500758397,1.533922132,1.122930271
LPC O-18:1,4.986439235,3.597183411,3.728204455,2.768664093,2.746319419,2.314131029,2.175293765,2.310289158,1.599498893,2.775773762,1.530301059,2.949187863,1.898369949,2.907059762,3.906431934,1.989647501
LPC O-20:0,0.077058214,0.087921435,0.069860226,0.084256202,0.075115199,0.06098418,0.049326089,0.063766224,0.030205054,0.060719223,0.030646648,0.045837493,0.03051417,0.054139467,0.045130943,0.030381691
LPC O-20:1,0.080811766,0.077720606,0.062573919,0.051534061,0.058864527,0.048752016,0.04923777,0.047073958,0.018546963,0.042039782,0.018237847,0.044998464,0.0250384,0.040847477,0.06252976,0.023978573
LPC O-22:0,0.017266339,0.02499424,0.015720759,0.026142385,0.022256355,0.010774902,0.015190846,0.014440135,0.007772061,0.016648107,0.016736426,0.020225021,0.015720759,0.021373167,0.012232163,0.018237847
LPC O-22:1,0.019650949,0.016294831,0.013203671,0.015058367,0.019474311,0.013336149,0.015014208,0.0140427,0.010774902,0.017619615,0.004327625,0.011967207,0.010509946,0.011128178,0.014925889,0.013645265
LPE 16:0,2.525781472,3.551696208,3.461069184,3.116854709,2.208481752,3.318294823,3.014662751,2.293221174,1.729272963,2.049306213,1.378329799,2.500759162,1.557270861,2.117223913,2.171684236,1.667663408
LPE 18:0,4.260311223,5.804124707,5.325336461,6.151913797,3.517001407,4.836665453,4.440724185,4.074851744,4.161904153,4.591699135,5.405870452,4.982804158,4.376591372,5.200435179,5.51500137,4.280076746
LPE 18:1,1.136517554,1.784994915,1.438887997,1.911157826,1.279081643,1.554747603,1.174366427,1.157334434,0.586447263,0.935708254,1.131260766,0.937180155,0.905849699,1.081636688,0.901013454,1.224411048
LPE 18:2,1.61803933,1.436785281,1.169319911,1.270250239,1.085631847,1.661355262,1.331859794,1.632758336,0.816063761,1.448139943,1.724226446,0.988696677,1.510590584,0.825105436,1.114228773,1.543182669
LPE 20:4,1.091309178,1.152077646,0.893023136,1.20380444,0.740786557,1.062081437,0.900382639,1.209692042,0.543341602,0.769804027,0.605581971,0.505072186,0.617146905,0.519160378,0.595909482,0.836880641
LPI 18:0,0.110640155,0.174375815,0.166455267,0.111011431,0.097521747,0.120169564,0.067943451,0.116456808,0.072398759,0.172890712,0.087126028,0.092323888,0.048513357,0.159772304,0.130317767,0.080443066
LPI 18:2,0.06113673,0.026855608,0.030815882,0.031063399,0.019677611,0.061631764,0.012623373,0.033043536,0.010890754,0.04220167,0.025370505,0.037622603,0.03440488,0.028959504,0.023885403,0.019677611
LPI 20:4,0.14554007,0.153584376,0.14120852,0.115590498,0.104575986,0.098016782,0.042325428,0.118313186,0.061755523,0.139970934,0.064725728,0.112867809,0.042696704,0.079452997,0.103214641,0.087249787
PC 29:0,0.877567007,0.604387415,0.435671953,0.536923347,0.492699777,0.752918602,0.52916332,0.736483573,0.377093443,0.610125469,0.228628441,0.461259242,0.246651989,0.375702618,0.450882769,0.348677563
PC 31:1,4.272219955,4.87622962,4.504150235,5.634896635,3.395149022,3.361925077,3.122543477,5.5778238,6.168025351,6.997594619,5.362692675,10.0842376,5.858071181,13.69813373,10.81681418,6.209350735
PC 32:0,15.4020228,19.00444207,21.56511426,18.83304197,15.98309715,19.74443076,13.4763029,17.56094964,6.89914397,9.607200375,8.64549662,9.10246059,9.598419106,10.27475134,6.837261887,7.758680191
PC 32:1,14.17341032,21.33230761,20.66316809,18.15864998,12.94823988,15.09204938,11.8240867,16.58850412,4.91276174,5.977461112,4.357034061,6.450747977,4.32874982,6.166606826,4.705926384,5.004527925
PC 32:2,2.794751925,3.867670889,4.403206527,5.663190869,2.786685699,3.324188495,1.947132185,3.258204471,0.830474965,1.511621916,1.311411075,1.325694491,0.905537641,1.639737201,1.142086111,1.328972176
PC 32:3,0.080659876,0.119469386,0.083308196,0.167617707,0.071199279,0.069296044,0.056845164,0.092544895,0.222439064,0.38013004,0.548572024,0.181710251,0.344532376,0.450226393,0.183442586,0.214285459
PC 33:1,5.554688651,9.041443118,6.259367105,10.59400202,5.239062692,6.861816507,5.281937923,6.259559634,3.312513222,4.444952521,2.527192906,3.827054988,2.003872479,4.585610635,3.076688879,3.111374672
PC 33:2,4.518430921,6.640455016,5.360010635,5.907149313,3.39422859,4.986138343,3.554871041,5.391306164,1.618900564,2.973000395,2.497732136,3.693633879,1.827819497,3.708093183,2.626229854,1.984064473
PC 34:0,4.087627845,8.163133377,5.959800463,6.922064603,4.79896179,7.502552211,3.598099896,6.269085414,2.560647017,3.370703538,3.304942095,3.981375842,3.224915899,3.943078639,2.902684225,2.876382272
PC 34:1,275.9082992,349.0695912,333.1343003,268.4380327,340.6743402,360.9451058,206.8824338,324.6437379,127.9681684,143.5030181,121.4206806,156.4306214,108.0899945,147.9442771,158.7162818,171.5295399
PC 34:2,760.4861559,878.5711146,633.2264147,715.2813431,664.0705732,805.8893388,730.3834374,834.8627131,428.8224235,488.4591714,546.3350873,467.0563069,539.1746298,523.6081984,553.0712101,391.4076449
PC 34:3,22.11995598,34.38042562,28.91868564,31.99451382,16.58141654,23.6595369,19.40078235,26.96020243,36.03518036,48.76576965,41.77166316,39.74664759,57.67853289,59.21333664,37.43212991,30.43019622
PC 34:4,0.771954684,1.519504671,1.833327421,2.256721369,0.723785828,0.807421649,0.510884693,0.98158374,0.356796138,0.678612169,0.575743293,0.630347887,0.367845854,1.01118912,0.531509676,0.493552325
PC 35:1,21.09863238,31.6429716,25.20023673,27.1098618,17.13660984,26.64932666,19.9756715,26.12689042,14.3978724,20.82444321,14.78126487,21.82006604,14.67843588,21.92553708,14.87838019,18.82131698
PC 35:2,24.24929893,31.88822127,24.78478999,25.2933525,18.58049977,31.8047341,25.63307231,36.14415626,18.9821711,27.87373328,24.0853431,23.74630031,21.32094963,26.89648703,18.24150068,18.22681371
PC 36:1,96.6068548,235.464383,156.6223255,160.6197082,117.4816481,147.4766777,110.971065,117.418319,120.4452287,173.0928281,113.2865185,89.02729207,143.9982829,134.0486982,116.8296405,125.7292388
PC 36:2,577.2377756,773.5965025,607.5164988,657.733736,525.5630091,710.0732708,725.6297264,848.8456001,552.5627083,724.8951047,967.223378,679.1086099,718.3067359,753.3799446,637.6659203,557.6798551
PC 36:3,163.6628385,205.4679912,167.18158,166.8192202,127.2579445,181.9196924,155.7483968,178.6045344,151.8819382,225.2203163,251.0438629,167.4061105,243.7949737,195.3765936,178.5800073,130.3864954
PC 36:4,314.0594405,639.1502886,577.413407,534.1838666,530.7867313,457.9245099,475.0032809,510.4758245,171.7001318,253.2385746,186.9742807,335.4063443,113.3645372,280.8251578,203.2362218,232.6686086
PC 36:5,56.64256965,81.89256134,47.86407812,45.93410149,32.95245676,72.54328295,40.05447971,66.07309774,41.25704304,54.12202902,77.73319702,68.0003773,54.61420998,88.94703801,43.4651644,58.35328393
PC 36:6,0.85743704,1.685740393,1.366870828,1.516678292,0.789117351,1.204955355,0.63362655,0.964531165,1.639371054,2.227204617,4.876940019,2.097911959,4.109395674,5.059586128,1.823504822,1.823281171
PC 38:2,3.134736803,3.720130757,2.853743392,3.694423118,2.788008821,3.646537839,2.218775599,2.778998561,2.983565263,3.79331432,4.342048236,3.884780526,3.691399499,4.015717904,3.358208916,2.709656336
PC 38:3,66.12952449,66.30169705,71.27572364,61.92146599,40.06609503,50.50962794,68.63517079,71.32206793,46.48385881,64.05390364,47.91897353,68.68047919,52.64387532,56.10158356,64.89052264,54.10251079
PC 38:4,385.8270359,612.7971843,768.8428741,592.8683193,552.7322167,435.0203624,482.3462169,616.1086113,392.2093415,405.4958832,332.3426505,503.9490066,327.9127639,580.0316904,434.8231062,405.8647804
PC 38:5,283.2393563,392.9786215,397.0197043,328.7446773,280.0238491,274.0590019,230.6023366,346.5509727,290.4020437,315.3062708,564.4386832,476.6974427,430.9249972,628.2319121,341.4460148,403.4035705
PC 38:6,74.74329922,153.3518886,150.6492483,124.8824969,70.49263609,86.76621971,66.31614561,70.16308438,43.64434899,63.50749928,50.38633666,95.01654234,58.41763272,120.6673976,65.08132297,49.8454259
PC 38:7,2.807399269,5.918312738,5.179825659,4.680946552,3.46205295,4.222822927,2.86038076,3.690046651,6.023294484,5.832278243,8.47391649,7.336014838,6.051691593,12.97942901,6.257580234,5.652644087
PC 40:4,9.171564613,27.12578852,20.47749367,23.7926192,10.77191589,10.58827182,5.962109621,6.391594702,1.742035238,2.999136662,2.046265231,3.848090999,1.784172583,3.782831107,3.335211179,3.048238804
PC 40:5,74.38298214,104.5225983,80.77023175,77.99031268,67.66518291,51.12722753,50.08080396,83.89101907,32.53519417,45.16166403,34.8670199,64.09454373,26.9897799,84.76068636,53.87738021,58.54678863
PC 40:6,92.85526051,148.9046726,157.2774839,96.29290692,72.41935032,88.3210888,94.35181369,104.7350789,94.64110225,87.6583782,73.70657013,207.3893604,96.35648228,189.8771992,176.457495,95.14990466
PC 40:7,6.601664733,13.15274036,15.92384728,13.08109605,8.748306977,7.847829094,6.37598299,7.056012789,7.065228571,9.277276541,7.589052709,16.68983446,8.430160298,22.93963863,15.40869568,11.06119727
PC 40:8,2.085971736,3.971107666,5.491301288,5.117627937,2.538092257,2.84343215,1.478422936,2.303403065,1.623559246,1.611680631,2.052244424,2.93734246,1.869869372,4.11386229,2.362834499,1.744255218
PC O-32:0,5.284085267,4.470708574,3.454335663,2.721160064,2.473374356,3.543291707,3.944340395,3.853922711,1.923723826,2.24414479,2.00034276,2.290097632,2.41785136,2.306767818,2.41108352,2.091585538
PC O-32:1,3.514203796,2.364727776,1.618491488,2.030107176,1.771870661,2.099883516,2.008503114,2.953930238,1.163163724,1.343728046,0.875970677,1.50234588,1.107966465,1.592110513,2.041078052,1.191276558
PC O-34:1,11.9861976,11.95204567,9.189196704,9.348388667,8.006745298,9.784732936,9.434229398,12.1320503,5.650980952,10.80204105,8.692989576,7.940148619,6.396684971,7.539771627,8.805205594,7.627665422
PC O-34:2,8.628848876,6.37931865,5.933538685,6.489288114,5.108629755,8.324782901,6.858835254,8.709847377,3.818941368,6.634646754,6.762807725,5.074771459,4.534669079,4.871199447,6.13143938,5.023592336
PC O-36:1,2.36127315,3.299343165,2.285814207,2.659609124,2.774010579,2.677997673,2.448906827,2.931961789,1.497688246,2.323074827,2.159056272,2.781488617,1.663736076,2.334842723,2.56960226,1.971662455
PC O-36:2,4.644344332,4.935563042,3.883971055,3.930978528,3.420537615,4.008099854,3.095603473,4.625551723,2.40058926,3.678716841,3.369918514,4.073832089,2.220345368,3.471908495,3.858823809,2.580948491
PC O-36:4,41.40440229,41.16057774,37.36926983,28.13798866,35.62119289,43.34232482,29.42343917,53.70847153,16.60885851,24.536091,18.78265049,26.56803839,12.64168415,31.12314148,21.67080227,28.55771299
PC O-36:5,4.540396542,3.560789604,3.022694163,2.370288792,4.291630974,4.834052861,3.807689615,4.836689525,5.049785867,8.956995574,10.44617975,6.677340728,4.806182193,10.59158446,8.273079564,7.972338167
PC O-38:4,10.93170779,22.54411022,17.72057235,21.51505544,18.29664226,14.44844171,13.38366128,16.25124661,5.48664552,6.374270707,6.422996571,9.457943618,4.303312444,8.512542456,9.7578204,7.344393739
PC O-38:5,66.73054557,61.58105123,40.61983963,49.00678364,54.0570122,44.1886543,40.27483762,67.62482085,24.31532258,40.06205758,23.35137825,41.80361172,23.80427959,40.96580483,39.84660338,35.17426331
PC O-40:5,5.337210335,5.324723166,3.225420499,5.317021743,4.975493048,3.48386301,3.332581871,5.772398575,1.941527264,2.790884226,2.738167591,2.944377174,1.364990976,2.899938521,2.521333978,2.165942279
PC O-40:6,2.832087258,3.196417097,2.84812629,3.123104136,2.559243026,2.771921971,2.055165307,2.369695969,1.118724403,2.557277376,1.351259746,2.23421168,1.250810912,2.496674955,2.170685902,1.616082579
PC O-40:7,4.622487606,2.819513984,2.988717988,2.47398008,3.13418727,3.312604392,2.714736974,3.21543025,2.176799351,3.906590094,2.572453126,4.060903885,2.35966645,4.840983054,3.827177845,3.342196155
PC P-30:0,1.506434026,2.510717541,2.153848773,3.108883802,1.326400571,1.484562244,1.232978237,1.434313284,1.983732496,3.78082327,2.547174006,3.784659336,2.325305413,4.190291989,2.728852921,2.966130802
PC P-32:0,1.183514507,1.055726339,1.149864651,1.217433014,1.116273531,1.493402744,1.331901307,1.711662399,1.413572197,1.274924881,1.56512942,1.335999582,0.798140877,1.16370588,1.299969235,1.341669479
PC P-32:1,0.383978346,0.373474068,0.335877197,0.260619339,0.312390911,0.39844824,0.333755631,0.538787933,0.209952412,0.337760992,0.253434523,0.271390085,0.209113338,0.288586895,0.484724497,0.292573197
PC P-34:1,4.24096717,3.896288823,3.498707126,4.049036583,3.482110705,4.547562896,3.299926138,5.610970253,2.950382979,3.768015754,3.355292197,3.0890913,1.849503008,2.820125271,3.439529222,2.657704431
PC P-34:2,6.352840293,6.940168138,7.926059898,9.636456178,4.958982793,10.05087852,5.091641226,11.99242724,6.252158719,8.65508818,8.531891955,7.471156301,4.504638158,7.079287508,5.877481957,5.659564856
PC P-36:2,1.568286228,1.924752123,1.885285619,2.039641633,1.409776403,1.419261272,1.131870315,2.533245664,1.011557405,1.663357467,1.461080111,1.542152484,0.642124974,1.637895522,1.290261648,1.106566347
PC P-36:4,14.00577467,14.95815077,11.19003415,15.27587599,12.53241538,18.2548466,8.955376193,18.41916738,9.150603458,12.26053412,12.71564295,12.98684935,4.65607698,12.25423558,14.14767236,10.65931284
PC P-36:5,1.143099009,1.006187583,0.762667563,0.980454573,0.895120479,1.387509276,0.882016898,1.651325657,3.348154735,2.201775741,3.211526668,3.66644888,1.561426787,4.199628876,4.016668411,2.439284966
PC P-38:4,3.175105632,5.594578061,3.266892223,6.426956195,4.378841941,3.173338437,3.584717678,5.59773207,1.473909919,2.371996558,2.230863351,2.734493999,1.686456839,2.620688513,2.628656751,1.883814829
PC P-38:5,9.959044573,9.682400933,7.562936106,8.655546034,7.901240738,10.7699433,6.753494181,9.467993432,5.652695485,8.164605011,7.2278035,9.439649954,4.992475982,8.623621428,9.393323603,8.148439438
PC P-40:6,0.246350974,0.384892058,0.198768832,0.45093426,0.337300112,0.305550789,0.254769334,0.269210386,0.213381479,0.270000299,0.188041832,0.379056986,0.255937866,0.373539715,0.400476506,0.251270048
PE 34:1,0.364201775,0.69326342,0.565992551,0.715725383,0.538516393,0.521109391,0.271663379,0.338478547,0.173254706,0.29901724,0.164082398,0.286339072,0.277533656,0.289111147,0.264040172,0.287765876
PE 34:2,0.612506344,1.399449602,1.302223138,1.374704754,0.861870823,1.442090643,0.815560859,1.200879326,0.452582058,0.667132534,0.615930672,0.590085147,0.473087263,0.641980027,0.578670719,0.95294165
PE 34:3,0.042029553,0.059436556,0.053443981,0.099590882,0.03933901,0.085812037,0.029106791,0.0636762,0.083692215,0.093924434,0.129716818,0.078922614,0.188052696,0.170971821,0.05336245,0.075539052
PE 36:1,0.274883879,0.883802831,0.929705137,1.263536381,0.438680916,0.68877918,0.316301945,0.477367673,0.319440912,0.436398031,0.745851319,0.543979012,0.65820482,0.499218149,0.44789399,0.684947194
PE 36:2,1.960917148,3.554248958,4.010459174,4.771638439,2.199071029,3.735942188,1.674129652,2.375301639,1.939841223,3.301908574,4.281674129,3.029062986,2.700042108,2.570936777,3.571492897,3.289434235
PE 36:3,0.55490425,1.019471457,1.047925995,1.794348035,0.796156332,1.018941502,0.550868434,0.850007972,0.633908396,0.946296823,1.409885651,0.90483799,1.681956688,0.924568644,0.662118338,1.015068749
PE 36:4,2.003150531,2.754505234,2.752915367,3.95334627,2.014850319,2.581821249,1.157015311,2.613659349,1.045398514,1.089792485,0.902595871,0.961584002,0.562242096,1.061460245,1.106343405,0.957792782
PE 36:5,0.125558705,0.242026633,0.157722931,0.13962291,0.115163422,0.28996723,0.092660693,0.279531181,0.324740468,0.30953482,0.521761644,0.317524919,0.330121556,0.495467694,0.267260672,0.37019435
PE 38:3,0.147449946,0.241170551,0.30125936,0.360451321,0.058988132,0.191966215,0.189234905,0.14838756,0.219157012,0.306966574,0.332200612,0.187196614,0.335869535,0.133956462,0.243290373,0.377450665
PE 38:4,4.432670702,9.734916965,8.449856235,12.36818467,5.153124919,6.058818991,3.560486128,10.75773122,5.267350728,5.493845586,6.172433313,5.804358785,4.222359871,5.584141862,7.553212173,7.284687761
PE 38:5,1.366714654,3.377569924,2.772768318,3.907403198,2.002742872,2.229156199,0.994767374,2.507953596,1.489297455,1.661696079,2.961432502,1.818481397,1.91212047,3.337660192,2.026305512,2.193037689
PE 38:6,1.897770903,4.109112442,6.531661659,5.373994095,3.621227189,3.562035228,2.7959233,3.792525136,3.510792601,3.10517276,2.371184292,5.080969429,2.137555417,6.173126332,5.655889693,3.274228587
PE 40:4,0.057887455,0.235300274,0.295552146,0.494937738,0.138440702,0.150181256,0.083569917,0.090948529,0.05112033,0.025886291,0.034324815,0.045535413,0.02804688,0.031593505,0.059151195,0.039665136
PE 40:5,0.546968552,1.205821692,1.379744672,2.068456548,0.695031494,0.790431487,0.324413261,0.787838557,0.241604136,0.383148136,0.551322871,0.681640516,0.28581034,0.75447443,0.634895988,0.751975812
PE 40:6,0.703740234,1.779509279,2.351127512,1.912731957,1.078704184,1.330799973,0.659142434,0.862115418,1.139159885,1.006670992,0.895421088,1.934093243,1.044420135,2.010243782,2.274895442,1.726187595
PE 40:7,0.062330928,0.198570276,0.249242182,0.310268604,0.117772434,0.104890437,0.034773239,0.10175147,0.040235858,0.054463126,0.057194436,0.115897207,0.05637912,0.131428982,0.077862703,0.121522889
PE O-34:1,0.245410196,0.278797397,0.176556737,0.176149079,0.149243642,0.272356398,0.127230103,0.271255721,0.080064057,0.180184894,0.145615485,0.130654431,0.105420393,0.128616141,0.133059614,0.160902665
PE O-36:2,0.793995744,0.717722908,0.471089738,0.891996759,0.612995534,0.871939979,0.380874993,0.969574102,0.337459402,0.629627985,1.111724493,0.437417176,0.5095319,0.477326907,0.323599025,0.650296253
PE O-36:3,0.146471567,0.139582145,0.09172308,0.091030061,0.118017029,0.158619779,0.114837296,0.11879158,0.246918531,0.579159909,1.083677613,0.398852717,0.659876219,0.395102262,0.254460206,0.460898284
PE O-36:4,0.333505118,0.234688787,0.286787496,0.320133931,0.264692425,0.32082695,0.289804166,0.326371101,0.247448486,0.475492446,0.444795788,0.298813411,0.269788152,0.347039368,0.29375845,0.380263506
PE O-38:4,3.458897721,3.474184901,3.737980478,6.212954531,3.842544789,5.095522825,1.680366821,4.075358349,1.095907357,1.473724914,1.448817002,1.692637331,0.799213768,1.090893162,1.123587344,2.024593348
PE O-38:5,2.385533859,2.035640884,1.767116472,2.618551247,1.455584127,2.043997875,1.09305375,2.668407837,1.548530181,2.662415262,2.334902719,1.868827176,1.112784404,1.693208053,1.245558657,2.524504516
PE O-40:5,3.113896644,2.953197808,2.300659435,5.41610518,2.251821991,2.80819381,1.719705831,4.189054202,1.199656352,1.964423008,2.517533562,2.085171347,1.153101793,1.932666439,1.45273052,2.060181903
PE O-40:7,0.471823522,0.355437126,0.213082906,0.349566848,0.238031583,0.223274359,0.19677658,0.352420455,0.103137507,0.20953628,0.211329976,0.142517283,0.113655087,0.094658218,0.177942775,0.168851998
PE P-16:0/18:2,0.068608864,0.015450243,0.057724392,0.032490353,0.030533594,0.11226905,0.113981214,0.058458176,0.016265559,0.140519758,0.182263951,0.057357499,0.047981362,0.089684789,0.057846689,0.066122149
PE P-16:0/20:4,0.268809772,0.547484872,0.45841157,0.731094094,0.4792429,0.407209708,0.384747745,0.409655657,0.232650496,0.182263951,0.208965559,0.377043007,0.161717981,0.349729912,0.254093314,0.296285931
PE P-16:0/22:5,0.733662341,0.671942899,0.395102262,0.721147236,0.526490478,0.502234819,0.34039454,0.907813895,0.504680768,0.486295386,0.737005137,0.648828683,0.42082549,0.46542329,0.649807063,0.459349183
PE P-16:0/22:6,0.735048378,0.537008058,0.613525489,0.747074293,0.478182989,0.814827075,0.488619037,0.527265028,0.472149649,0.693956439,0.569783772,0.820208162,0.588128387,0.823224832,0.773245945,0.643651425
PE P-18:0/18:1,0.116223334,0.25890368,0.172357858,0.146675396,0.148265263,0.176271376,0.174070022,0.104360482,0.102689084,0.117405542,0.121930547,0.172765516,0.088054157,0.120789105,0.153890945,0.139541379
PE P-18:0/18:2,0.301626252,0.40504912,0.340965262,0.503131667,0.239213792,0.396488299,0.338478547,0.279286586,0.198284916,0.296163633,0.468073068,0.428244868,0.209169388,0.260860439,0.273090183,0.316179647
PE P-18:0/20:4,1.756028171,3.623917733,2.442279871,3.617435969,1.980240143,2.669956938,1.710248162,2.253737984,0.824814699,1.080742475,0.691143598,1.321301538,0.656207296,1.194927517,0.909403762,1.161295721
PE P-18:0/22:5,0.564728811,1.097619521,0.712749479,1.28302244,0.628690372,0.619925722,0.495426928,0.63260389,0.376472285,0.520090245,0.735333739,0.978827941,0.39453154,0.675774886,0.567256291,0.547484872
PE P-18:0/22:6,0.678139303,1.130721362,0.691306661,1.198270314,0.620863335,0.741040953,0.487844487,0.54487586,0.521639346,0.646464266,0.771696844,0.975159018,0.564606513,0.885678058,0.582543471,0.496242244
PI 32:1,0.287119866,0.237987716,0.249868538,0.322762332,0.200241354,0.506791314,0.2428143,0.203459077,0.129203939,0.157668409,0.092200129,0.099996919,0.041706636,0.072275001,0.080814341,0.025989298
PI 34:0,0.543795125,0.447510963,0.35221687,0.416695081,0.44515955,0.510009037,0.354320765,0.31174782,0.333776844,0.388601887,0.346771493,0.405309293,0.154821962,0.343801287,0.300980825,0.226973204
PI 34:1,2.644968003,2.666006958,2.288543342,2.755608158,2.403886322,4.969401328,2.289285893,2.560688421,1.672101941,2.024566328,1.398224242,1.623712343,0.706661393,1.921722962,1.115188409,1.29587591
PI 34:2,2.815631061,3.116364368,2.253643427,3.454844037,1.857863544,6.7214513,2.361808411,2.907583673,1.276693333,2.007611405,1.308994318,1.539309003,0.77064457,1.280158573,1.232140251,0.99798905
PI 36:1,4.700226454,5.504533353,4.109279317,3.757433723,3.347421605,6.249559901,3.789363432,3.417963986,3.7180785,4.855048416,5.949569145,3.813372593,2.100677844,3.678352001,3.597042626,2.86736214
PI 36:2,7.811887997,8.403330168,5.613688405,8.900592073,5.007642724,15.39890668,4.375855261,9.281892205,7.515114963,11.00325005,11.59407343,5.854770086,5.356394354,8.401350031,5.928282672,4.61792701
PI 36:3,1.700950904,1.669783968,1.545022194,1.722995818,1.106458901,2.864042502,1.023119513,1.520315455,2.544671526,2.988776406,4.334968489,1.805668754,1.855031465,3.295561965,1.450090007,1.309055479
PI 36:4,5.839919058,6.915876003,8.569042883,7.924508289,5.159989515,8.739210907,5.564680015,6.179760071,3.384177898,4.00049554,3.524272591,4.990069008,1.936945265,4.293432058,2.518858027,2.440766374
PI 38:2,0.634386393,0.466198506,0.375483479,0.427338317,0.279199318,0.470530056,0.342934977,0.348009078,0.536988404,0.705795083,0.926580359,0.516815758,0.241329197,0.615451332,0.403700432,0.351969352
PI 38:3,7.500016419,5.125832151,4.000124265,4.910616011,3.355094636,5.418521152,5.00454876,5.325083437,7.948269933,11.82970974,12.77287374,6.20315044,7.286532898,9.742892851,6.796077714,5.542774749
PI 38:4,56.482913,71.35770217,56.13849292,79.24879564,41.38572969,65.29897797,50.24213995,58.73259615,35.13332334,54.264417,53.32942106,49.78448079,23.86522996,49.4111012,38.15303227,31.97265341
PI 38:5,3.73701356,5.86986863,4.760496874,6.274311613,4.133783512,8.140962015,3.010922073,4.786114896,4.127471826,5.362458523,5.292658694,4.554562626,2.406980287,4.57485903,2.793725795,2.986541636
PI 38:6,0.673989133,0.765075435,0.566814217,0.63723284,0.402215329,1.015934041,0.530057924,0.756536094,0.5080289,0.588967,0.618050262,0.665202275,0.251972434,0.742427618,0.537730955,0.455431511
PI 40:4,0.646390973,1.271247956,1.107020344,1.505275398,0.835989091,0.755546025,0.461990715,0.561616358,0.404814259,0.55109688,0.331425431,0.404195466,0.147025173,0.244423161,0.351226801,0.192320806
PI 40:5,3.220445319,3.049410986,3.140126012,3.800254186,2.100677844,2.655239963,1.48968182,2.799418689,1.283623813,1.833111831,2.074936063,2.359704516,0.902694957,2.125553315,2.01404685,1.778039271
PI 40:6,1.082144873,1.538566452,1.166053178,1.114569616,0.896630787,1.347978265,0.943411524,0.848859982,1.031775137,1.045141062,1.094025695,1.217784257,0.652455143,1.404659687,0.810123552,0.772748466
PS 38:4,0.489880351,0.175645235,0.123451195,0.434065582,0.375145003,0.390886369,0.232873155,0.366168507,0.329179357,0.435554297,0.432411682,0.285995769,0.219594901,0.681513383,0.184293244,0.564324003
S1P d16:1,0.020718059,0.011160307,0.014849294,0.014152254,0.020663715,0.016675409,0.013393868,0.018611173,0.041839078,0.043099527,0.023741184,0.032072246,0.024082151,0.037260362,0.036089455,0.032107062
S1P d17:1,0.03004449,0.016916585,0.023894549,0.025559312,0.024440593,0.020152372,0.016970694,0.024003111,0.041248077,0.050902945,0.038010405,0.04264719,0.032549483,0.058041303,0.047090228,0.047510737
S1P d18:0,0.060111285,0.037215628,0.048263974,0.035736999,0.044350611,0.03557187,0.04131715,0.044103358,0.036070726,0.026826107,0.040988558,0.036815718,0.030818452,0.031743556,0.028840602,0.031870598
S1P d18:1,1.183241572,0.569118946,0.917936056,0.713955636,0.717061142,0.616428729,0.553435014,0.73918978,0.543847973,0.607494961,0.623095769,0.561035518,0.503051962,0.600806417,0.626683416,0.585430223
S1P d18:2,0.162060162,0.080733952,0.113659285,0.094538761,0.119676653,0.128244753,0.091141763,0.119018047,0.13506705,0.132796299,0.104182827,0.11315529,0.09404425,0.10702853,0.143283242,0.111909336
S1P d19:1,0.031044046,0.016847854,0.024035881,0.01905439,0.019329219,0.018391995,0.020384063,0.023751487,0.0199533,0.021741128,0.021403833,0.020904156,0.017797643,0.022284386,0.021546215,0.019587907
S1P d20:1,0.010235118,0.005077553,0.007405803,0.005780258,0.006370333,0.00624452,0.00617291,0.007171278,0.004943765,0.006421341,0.007519792,0.006660181,0.006467255,0.00669868,0.005764478,0.005903205
SM 31:1,0.129210135,0.143513293,0.154383114,0.141758392,0.128351246,0.113222445,0.086295376,0.124769152,0.162231107,0.188946211,0.115815777,0.133206148,0.128432258,0.178720076,0.117245726,0.147054421
SM 32:0,0.093209633,0.146322582,0.114811263,0.132336093,0.082359302,0.12162296,0.075361923,0.138963396,0.067943329,0.042099475,0.074008094,0.081011846,0.071716181,0.073999259,0.070201321,0.060033453
SM 32:1,2.79549731,3.305117662,4.007940802,4.103729128,2.536277757,3.646453007,2.189283033,2.769604818,3.227036547,3.289612474,2.888033261,3.939335483,3.324728808,3.709131939,3.124766838,3.350139642
SM 32:2,0.240170015,0.297479754,0.362846917,0.236463094,0.224456612,0.316354278,0.133410668,0.220724241,0.194437422,0.199547829,0.165343254,0.199054132,0.152182422,0.198827163,0.189395238,0.206058181
SM 33:1,8.075779264,10.90613914,9.794574572,14.82672925,7.311478021,8.67671178,4.84773518,8.918941617,10.94168246,12.49965553,9.096049599,16.20404489,15.38625805,19.69277765,11.97735044,13.04919405
SM 34:0,9.524382794,10.28027745,8.839636045,6.501367014,7.721049867,9.782888122,6.803200125,9.859717048,7.530687427,7.557848434,8.402495045,9.719538974,23.34579823,10.06920642,9.558183255,8.882771865
SM 34:1,385.7078152,494.4821491,410.4806697,472.2025395,291.6845406,408.4742388,192.5687405,293.3865009,169.207407,195.7281969,209.7668534,298.0736955,243.1658924,283.6826088,265.9281162,245.7503984
SM 34:2,14.9496251,20.15887013,23.19867622,18.19399685,12.83491383,15.46919022,8.542092532,14.75147392,12.44578301,11.15335238,11.53603284,16.47747022,13.21237052,15.17556517,15.57488587,13.11794397
SM 35:1,22.36654101,22.81277717,20.31942737,22.77562344,18.13438479,16.53714096,12.97812122,21.00560278,19.9368406,24.49954097,18.21750468,50.21147733,30.45915611,34.72502589,33.14011534,24.77731689
SM 35:2,1.380810919,1.571655662,1.516249232,1.50504366,1.200778477,1.403168193,0.745481137,1.37604053,1.265710441,1.475937608,1.09032174,2.298742163,1.528858581,2.178943769,1.93639197,1.322460093
SM 36:1,82.90978097,67.37432962,76.79372259,63.84195235,50.06340227,60.86487867,55.79848198,80.8481327,39.35942126,34.95187671,31.86206038,66.86433529,39.0823038,48.74106799,66.27321276,36.46183346
SM 36:2,25.5427103,28.45615974,30.46108057,27.74038498,19.51842852,31.63347421,18.23048433,24.63992993,16.7815723,20.69358058,13.08842858,27.23187553,18.48431863,19.87717172,26.68314351,17.12028589
SM 36:3,0.909866853,1.050630544,1.199724806,0.77603904,0.599206655,1.064434249,0.491261451,0.822039458,0.544225615,0.524616359,0.442972699,0.807698035,0.546694946,0.736756468,0.632963093,0.640492523
SM 38:1,10.1460998,12.89718463,9.791501519,13.29312967,9.530542499,11.62006122,5.926990961,9.06646662,6.264071679,6.570976972,6.857913476,11.49749661,9.100283338,9.175109835,9.337196315,7.099991446
SM 38:2,6.843574584,5.618207855,5.407111764,6.114532507,4.622260657,6.200252981,3.279787872,6.380900736,3.639449387,5.136893242,4.098530857,6.079943185,4.705498132,6.691841417,5.917898297,4.317140393
SM 39:1,3.381942986,4.158030879,5.40020999,4.590624981,2.955614695,3.777952542,2.709783017,4.562260162,3.393047313,4.037967999,2.953660943,6.53868621,3.999390322,5.405030985,4.076259292,3.458999664
SM 40:1,16.65821142,22.05141629,18.64287562,20.14175368,13.79165867,16.29591377,10.76537071,19.21029384,10.69915058,11.89063556,13.73502263,15.028256,20.07366783,13.72649573,13.25348249,11.71114489
SM 40:2,8.343199659,11.97332053,11.97052257,12.49603015,10.02024899,12.47589353,6.371046949,9.565092619,9.561337456,9.774261985,9.194047564,12.90765302,10.47531733,12.94605165,10.31410382,9.045606918
SM 41:1,17.58080762,25.25518177,21.09580138,19.55470014,11.75372846,14.76050801,12.01613517,17.90197012,9.546807271,12.54306486,13.50665641,19.76778,19.18429895,17.81798593,15.36853251,13.20434233
SM 42:1,12.59163389,13.64963855,13.62173423,12.63520656,9.17644668,11.33898042,8.987320765,11.95010103,8.271658998,11.46753276,12.97986072,15.10897823,15.36454222,11.76698241,11.51872838,8.731694461
SM 42:2,40.42408445,53.40787296,49.49969988,35.67898979,34.19086571,43.67629623,24.21753038,37.42829241,29.8145604,36.85421221,28.23253058,49.59315172,45.91105187,40.60347954,39.69673275,35.34538366
SM 42:3,18.74534469,34.7022328,27.62480408,25.47743395,18.43035841,22.75315305,12.54515649,21.18046485,22.20723869,23.55691796,16.41809443,20.88458912,16.78629222,22.2493118,19.70374634,23.37193065
TG 18:1_30:0,7.218094139,17.23886489,14.80817252,19.62868555,3.508598987,9.743185416,3.918708927,4.097955426,1.676137832,2.499382298,1.006948249,2.199112575,1.604662097,2.060220417,1.648558386,1.543692817
TG 14:1_34:1,1.05450588,2.153863181,2.594815936,2.888917097,0.421253151,0.959549808,0.477566161,0.49097781,0.194409225,0.286380508,0.092767227,0.249050753,0.19771239,0.201891094,0.181395547,0.204955477
TG 16:0_32:2,4.029981843,12.24969141,14.13333174,11.50261875,2.224622567,4.315646001,2.517092043,2.308594617,0.645470463,1.350994871,0.405732251,0.839919485,0.817513672,0.678263339,0.656414688,0.612040832
TG 18:1_30:1,3.030475666,7.146379621,7.213477666,9.35305366,1.501269023,2.803790928,1.354138848,1.315217206,0.496270835,0.739232619,0.314198736,0.660314811,0.448275436,0.666005808,0.484252087,0.531133165
TG 18:2_30:1,1.203028956,2.794239605,3.580194114,3.065616576,0.512786665,1.05944073,0.586849217,0.510955995,0.182708854,0.296608383,0.03852367,0.188996808,0.206985133,0.19066829,0.195006182,0.206587162
TG 18:0_32:0,8.964473994,13.1953122,18.60685315,12.93981431,2.644164439,8.768433085,6.679558699,8.309054235,2.949766985,4.982925319,1.297308475,5.057545032,2.029298008,1.857334393,4.448449191,5.560501793
TG 14:0_36:1,2.85767631,2.473553928,1.533027172,3.146962012,0.555170662,1.809299196,1.380962148,0.927592672,0.339748526,0.580720451,0.299314591,0.441788496,0.464711671,0.344046621,0.376162946,0.498778057
TG 18:1_32:0,46.71591979,89.75036165,66.50017252,84.4278072,15.43593324,36.77263416,31.48331035,22.50283789,8.304437763,10.62998598,4.463691511,11.15634348,8.394618173,6.938837327,10.53307985,7.808206725
TG 18:0_32:2,2.24547629,2.816128054,2.503401813,3.396291345,0.513940783,1.893510029,1.231881911,1.107714709,0.434784192,0.486878701,0.235877886,0.741700044,0.46614437,0.404936307,0.574432497,0.634566036
TG 18:1_32:1,27.67814278,69.94437967,62.87409226,61.35300424,15.21581503,28.801259,19.15569606,16.57934602,4.691808947,5.657805898,2.111837359,6.018845916,3.430755703,7.055761442,6.204698746,5.410824599
TG 18:2_32:0,13.45749603,22.63667581,29.00048368,23.64207197,3.848267919,10.84075184,7.707440265,7.45643945,3.545331784,4.018958024,1.662129225,5.148203008,3.454315633,3.030714449,3.79123856,3.73548271
TG 14:1_36:2,0.867021364,0.961858044,1.37160981,1.79767842,0.325063367,0.453289881,0.506379319,0.273088249,0.142951471,0.105900296,0.100925649,0.181873113,0.166232821,0.179763862,0.117322087,0.102477739
TG 16:0_34:3,14.37578383,27.38800127,32.18675743,22.08826137,8.260665076,15.8640395,13.73051678,10.59636256,6.255839514,5.808739367,3.648497519,6.680228399,9.818835809,5.7717779,4.972430525,6.582703566
TG 16:1_34:2,12.33493697,23.57023806,38.60298606,22.67336881,4.627178327,12.39260308,9.69105111,7.430650878,1.389200164,2.636722367,0.905425643,2.188645917,1.656796402,2.028900036,2.31969803,2.032044013
TG 18:1_32:2,6.612898422,15.31447224,25.07206424,18.12502869,2.758859912,6.980465177,3.81917618,2.575116332,0.928587602,1.174096406,0.466741328,1.178076124,1.012997421,1.288274515,1.026409071,0.940208379
TG 18:2_32:1,19.0685541,34.58836211,55.83764273,33.97604866,13.07634336,18.58538312,12.8625903,15.32208643,2.788141458,3.495753145,1.432590811,4.439829154,4.047503228,3.09140361,4.385054933,4.861546126
TG 14:0_36:4,0.808479713,1.782038128,3.595118056,1.909946265,0.29382258,0.801475409,0.456991018,0.315631435,0.32613789,0.399205513,0.316785553,0.330157406,0.786591264,0.660712783,0.235838089,0.270939202
TG 16:0_34:4,1.36980085,2.869634811,4.257693735,2.255540087,0.741455922,1.533232876,1.02646,1.116859731,1.253127306,1.129328659,0.509890108,1.214829883,1.444614421,2.245743072,1.062530829,1.345753631
TG 16:1_34:3,3.086950421,7.901738065,16.12009785,6.142283202,2.466175913,5.857279124,4.108066594,2.495566959,1.478013336,1.381379141,1.082570178,1.342636399,2.237282013,2.733367236,1.244666247,1.611608998
TG 18:2_32:2,3.788772963,10.60170639,25.53191221,9.693701206,3.191600356,4.250568633,2.613131141,2.448808477,0.819832043,0.846996495,0.358927011,0.841207349,0.49341331,0.894645614,0.826957145,0.908895818
TG 18:1_33:0,6.31091742,9.118568675,10.16861727,8.750404962,2.559595432,4.301159828,5.189393089,3.143857832,1.377062024,2.200585071,0.602927278,2.769207179,1.310322153,1.56693437,1.949027095,2.169463676
TG 15:0_36:2,1.533425144,3.037121795,4.475750056,4.43081904,0.907097125,1.092074418,1.142616836,1.105326879,0.438883302,0.713245061,0.204159534,0.992024307,0.279933364,0.742297002,0.875259381,1.00412265
TG 16:0_35:2,5.124682874,7.989084908,7.856719487,8.662214411,2.370200652,4.053621368,3.174581255,2.740672601,0.812459431,0.965439791,0.331988076,1.498443423,0.863797793,0.994213152,1.29539821,1.207366848
TG 18:1_33:1,8.08431956,17.31049981,16.42369925,18.68815879,5.598070331,6.193794319,5.058898136,4.402364056,1.66332314,2.11478235,0.619721688,3.49952523,1.453233826,2.186656058,2.629598671,2.285313267
TG 15:0_36:3,1.425465709,5.056150473,7.471114716,5.47964872,1.302112382,2.106803584,1.355550646,1.139125675,0.443537597,0.961888764,0.313504486,0.829629059,0.666642351,0.661743844,0.752588894,1.100382933
TG 16:0_36:1,41.8394893,42.76174469,40.62510474,44.83514935,17.49791444,28.32806941,32.877447,22.95885977,8.238844451,10.11630882,3.800351254,19.29210417,9.164662386,7.488927471,9.531605137,14.74139062
TG 18:0_34:1,37.8996107,40.97641029,40.06792026,43.29224799,7.397141652,19.52194951,20.10995285,16.23518,6.438427585,8.35513937,2.88012192,14.20202167,6.663719421,4.528282334,8.080021464,8.939282379
TG 18:1_34:0,43.35268283,43.50943507,53.58878242,47.58677466,16.76447426,28.23989627,33.66254417,26.84025905,12.52860115,12.90133304,4.716817492,20.69931181,11.45226543,9.68034164,12.8153865,17.16837847
TG 16:0_36:2,157.2310969,211.033024,255.3331356,221.3099294,55.19518657,89.53537729,92.22463193,56.38842542,19.0239276,20.30587436,6.69026414,35.25019304,27.41476504,22.79363588,35.51476469,28.68946872
TG 18:0_34:2,28.61975327,24.54374963,36.33223081,30.90824695,10.77805266,21.5391832,25.32572957,23.02610292,12.06546952,12.22355772,4.605933093,19.533467,9.859359827,6.16677574,9.812156026,16.05508129
TG 18:1_34:1,241.7858816,271.0121591,336.033613,283.5251741,166.110619,159.1890278,184.9921392,143.0573517,53.4324755,41.41821765,17.06417386,94.3069588,54.53953821,64.80235694,89.54516411,77.73219039
TG 18:2_34:0,16.86645228,18.81249575,27.94019667,23.32491188,7.598921232,15.17067801,15.87739906,15.08473147,9.694146525,9.916805961,3.696591957,16.32049134,7.466661527,3.015254082,7.969871853,12.0178204
TG 16:0_36:3,102.2692602,142.96428,197.233955,141.3192721,61.49274708,74.21773385,94.19696504,66.12584463,31.4662315,22.45075093,8.821321536,42.59875798,41.26235604,36.65063381,45.54008913,47.29420017
TG 16:1_36:2,19.08979193,27.51378042,36.52195172,27.99198334,7.872678156,13.87389392,12.81512974,7.196126096,2.763317196,2.802199041,1.173220868,4.287230815,3.728080435,4.420790151,4.899391038,4.305736503
TG 18:1_34:2,136.8041841,168.0985225,256.778432,186.3623854,77.8078946,116.8414297,107.2118544,81.10013702,36.72589269,28.7502317,10.5170958,52.33699107,53.36434171,45.29961694,48.86528515,56.48424573
TG 18:2_34:1,89.24067917,158.2804689,224.9413425,161.2526815,32.29843619,61.80876154,65.70335338,40.04531546,19.31273573,16.51710323,5.471594893,31.69332007,28.43086664,22.61347405,37.22568526,23.58134147
TG 16:0_36:4,18.62567722,34.95239074,75.570706,37.6596735,5.397174166,13.07691559,13.71199899,11.5921624,12.63003306,9.598084897,7.1890024,17.47923985,23.60868213,18.65289849,18.0050004,9.880366295
TG 16:1_36:3,23.0305561,41.06819702,67.04720937,40.33253024,15.6872479,20.29006377,18.65975138,17.61993181,4.964860104,4.771146395,2.359744703,6.272761631,7.535685952,6.628126091,6.740346447,7.830041727
TG 18:1_34:3,15.48376945,26.31226376,61.96795026,38.95172875,6.605814524,11.77411511,11.1278885,8.042333535,9.498751136,8.229380281,6.037351604,13.22420496,21.6164751,22.96333106,15.99794901,8.924278842
TG 18:2_34:2,67.60296732,123.3934062,291.8588715,162.4394103,40.45721952,54.75284595,65.61818111,62.99792487,23.57028258,15.39022022,6.689134777,29.13409656,27.92060264,23.22738705,37.24468918,29.71523769
TG 16:0_36:5,4.507072304,8.50380918,18.6272431,6.813378742,3.287789232,4.446063618,4.417117892,4.012323037,11.63751808,8.98965207,7.879026803,11.63885404,26.36510382,20.43969091,15.49531547,9.691474612
TG 16:1_36:4,6.400122829,13.60092899,33.52137809,12.94230238,3.864477171,5.608345874,5.796715757,4.87178846,3.184475254,3.302484755,2.393588937,3.980705397,8.326572269,7.692438195,4.547596321,5.501024026
TG 18:1_34:4,2.721343627,4.566745033,8.253539974,4.399750456,1.946934108,2.640295592,2.342377267,1.514529484,3.021933866,2.145991644,1.730509137,4.324936885,5.600330135,7.435489206,3.761163193,4.273725215
TG 18:2_34:3,11.65844807,19.11842981,54.74304894,22.23343532,7.072109007,9.268421683,9.312953571,7.629202916,11.54756367,10.3447574,7.122875358,12.1264782,26.75832038,14.26222751,13.62141366,13.09504675
TG 18:3_34:2,6.413927714,12.98861554,26.36510382,9.695927801,4.337851132,4.923890768,5.345162421,4.608159688,13.49583374,10.44050095,7.579772521,14.38112765,29.41197554,21.49598727,16.27818605,14.28182154
TG 16:1_36:5,1.017108304,1.666383219,4.89138249,1.343972356,1.173415228,1.348425544,1.007311289,0.92759921,1.711805744,1.537686065,1.252236668,1.752329761,5.53486826,4.002971341,1.910417961,2.019966404
TG 18:2_34:4,1.270049423,2.190078213,6.191713597,2.382010646,0.836754161,1.043827436,1.057632321,0.718299341,1.753665718,1.47667738,1.289643453,1.736298282,3.791890195,3.671208781,2.394034256,2.01328662
TG 18:3_34:3,1.497162048,1.810221215,5.570048451,1.907300729,0.822503957,1.083015497,0.879950091,0.738784009,10.70457505,7.125101952,13.55105328,7.500505762,33.78099899,18.88819996,7.073890282,6.926044417
TG 18:4_34:2,0.504991601,0.997514273,1.881917553,0.794003549,0.335325111,0.574906664,0.429732712,0.339778299,0.993951722,0.985490664,0.919138152,1.629421753,2.211453518,2.126397614,1.300331106,0.821168
TG 20:4_32:2,1.357777241,2.432776998,6.725650924,2.011950664,1.236205189,1.601366664,0.7975661,0.99484236,0.184362013,0.257394308,0.096634195,0.219987523,0.200393492,0.157197562,0.199948174,0.238690915
TG 20:5_32:1,1.24377561,2.684382161,4.700786013,0.989053215,0.928044529,2.924854351,1.329722152,2.16335908,0.408802725,0.475155236,0.23690964,0.956099618,0.380302317,1.038038291,1.036257015,1.172079271
TG 17:0_36:2,8.838874093,8.688798927,11.88232364,10.08755041,3.739900197,3.642755281,7.709828096,2.270787296,1.28087224,1.295199225,0.385833661,2.976669879,1.361103355,2.181363033,2.368369982,1.724968972
TG 18:1_35:1,16.97733668,23.09067415,27.61511389,22.32338974,12.12825948,9.641153579,17.51439124,6.682454994,3.545628859,3.515347176,1.269158785,9.710623323,5.200433788,7.040491367,5.871084009,5.551790378
TG 17:0_36:3,5.664010733,6.114673432,13.93491814,7.556170621,3.468588694,2.392252981,5.496125519,2.521395453,1.790181866,1.390730837,0.513897978,3.553644599,1.956731124,2.483543349,3.042418534,2.333025571
TG 18:1_35:2,8.776789649,8.549231705,14.62783431,11.36988144,5.749957276,4.299553709,7.558397215,3.151076338,1.731845093,1.815119722,0.70672105,4.487032955,2.68081961,3.540730351,3.092294247,2.895908625
TG 18:2_35:1,5.531751028,6.779979827,14.36197894,7.886151905,3.550972686,2.620701562,5.619478846,2.251532217,1.466435046,1.412996781,0.469366091,3.103427219,2.019966404,2.615803054,3.067356391,2.647420694
TG 17:0_36:4,2.145101007,2.173156095,4.883366751,3.312727089,1.084796772,1.253572625,1.690875757,1.765689328,2.065388928,2.275579436,0.753034213,3.685904304,2.985417718,3.550527367,2.962706456,2.109475497
TG 17:1_36:3,1.94248092,2.351728963,4.234982473,2.964487731,1.341300443,1.289643453,1.798642924,1.154711835,0.721861892,0.464467584,0.245816017,1.074554438,0.96723259,1.119086325,0.801128651,1.007311289
TG 18:2_35:2,4.775599584,5.256989284,11.90515472,7.862550004,3.387095341,3.049988954,4.507072304,3.297586247,1.588452417,1.364011705,0.484506933,2.85850184,2.225258404,2.334361527,3.698818551,2.976066022
TG 18:0_36:0,0.905425643,1.170912631,1.438906842,1.596941444,0.325222555,0.473268065,1.069947185,0.585973679,1.300412655,0.598191413,0.364940141,1.236498384,0.496987184,0.560384092,1.007386018,0.862524283
TG 18:1_36:0,6.932907547,3.759639599,3.336118009,4.428431209,0.959828388,3.228586028,5.920427489,1.849852523,1.3237736,1.422072635,0.480033586,2.52222588,1.384902068,0.964046889,1.311237488,1.286483642
TG 18:0_36:2,39.26421621,31.24253741,33.04893141,40.9945578,9.088840181,15.04795053,29.58900438,13.90473674,6.985002055,8.601881886,3.961928665,18.01104957,9.777928354,5.543389006,12.39009586,10.20144994
TG 18:0_36:3,51.46728332,34.80033389,55.03695939,52.6585113,19.1887902,24.89020771,54.44423997,27.36306341,17.77044959,19.72183689,11.53999325,33.32632843,27.98740047,16.80232636,28.64914431,22.36614035
TG 18:1_36:2,97.85724621,115.6329751,129.7028701,182.6425117,68.78496842,52.44066455,92.96995352,36.44271554,16.53672324,21.13751603,8.221500439,57.09024869,31.35735227,31.33665774,36.31003174,29.51231521
TG 18:2_36:1,35.61571275,30.08396172,38.18119477,45.56458167,14.07831082,23.74707417,33.69549777,20.25043039,14.56281775,11.90782664,6.190822959,31.96454332,19.18745424,12.77263589,16.18377845,17.95881947
TG 18:0_36:4,8.337230639,9.955582965,16.31584889,11.72401046,1.91269227,4.099626908,6.207683535,4.05712352,5.929262463,7.366458026,5.42873333,12.71766645,18.25624,9.610103645,8.783396824,5.176379411
TG 18:1_36:3,78.75865039,82.86538103,145.6165992,106.8444663,47.36188863,44.0055203,69.8936876,45.04088667,23.98754636,21.69504481,14.25465709,61.60719403,44.56350484,42.17837696,35.83124708,45.00926903
TG 18:2_36:2,18.11193542,20.33508549,30.44567847,29.38802862,7.007129288,7.86444014,12.59071344,6.720509997,5.064589132,4.531505906,2.355435898,9.800453558,8.066331234,7.003069975,8.917990887,5.244114212
TG 16:0_38:5,9.573465111,8.173827896,17.27169245,9.948423601,4.984454135,6.714517952,5.981968408,6.94430249,2.658998985,2.555239688,0.921364746,3.744686395,2.891010117,1.6895398,3.147068469,2.879431827
TG 18:1_36:4,13.04511765,21.88546424,46.52011767,24.74727945,5.994291055,8.463785672,11.30335426,6.772166737,9.00912643,8.967896551,7.136032354,20.23089648,23.92335843,24.30636649,20.37555922,12.27452485
TG 18:2_36:3,32.01219243,43.05298323,91.55622413,61.89264343,22.58434659,24.44266225,29.8710993,26.69285851,16.06042512,14.26712602,10.90007003,21.62958293,30.97237287,16.99336816,20.08299049,19.90263635
TG 18:3_36:2,5.856388486,8.115045805,9.16332643,6.812488104,5.940108434,3.88496184,6.401013466,3.429400633,12.14072841,11.61836937,12.25873791,17.19598824,34.90364787,26.26713367,17.10158064,15.83910164
TG 20:3_34:2,7.500060443,6.724314968,13.45441908,6.009132859,4.466548286,3.99540092,5.786918742,4.560955887,1.004194056,0.985490664,0.392325926,1.540803297,1.648125145,1.165399488,1.866331393,1.593796243
TG 16:0_38:6,7.33128459,9.35659482,17.75397279,11.27992703,4.470556156,7.177649579,7.082351341,7.333511185,3.446322751,2.671467913,1.183212243,4.359671757,5.056150473,3.836422082,4.521767827,4.20069292
TG 18:1_36:5,7.427028148,9.107661571,16.94215649,8.122616226,4.6745122,5.875537197,5.029431341,5.031212616,11.59031428,9.287125076,8.728695211,16.42157872,31.73698537,28.04885447,18.03096113,20.53142659
TG 18:2_36:4,4.74454021,3.133550362,17.82229154,9.134686533,1.873452251,2.519917643,2.916576137,2.218732585,3.110467998,3.929374572,3.490690256,5.228792297,8.562840853,6.783031367,7.991791116,4.026320502
TG 18:3_36:3,4.902070143,6.535054447,12.88930943,6.635696512,4.452298083,2.622482837,3.830632937,2.749844035,14.82466525,14.6086856,14.5285282,16.91855459,44.38849453,28.41312531,20.3617601,14.51605927
TG 20:4_34:2,21.06892647,21.62913761,64.0061268,28.15973887,14.99121451,17.58297034,13.42680931,15.00101152,3.829742299,2.913276061,0.874606265,5.801614265,5.235613978,2.473746334,6.64059502,5.157683176
TG 20:5_34:1,9.779647749,10.15995007,13.282526,5.064166213,6.763503028,10.44495414,8.885892772,10.58567491,6.206854438,3.316734959,1.826698013,9.266195089,4.82458466,8.837353015,9.085840946,8.006388
TG 18:2_36:5,4.01499495,5.349170291,13.3203781,4.649574343,2.30942367,3.446768069,3.111442959,3.615543922,6.76662026,4.68208262,5.319779245,7.635882699,14.12818653,10.40353949,9.098309874,8.504699818
TG 18:3_36:4,2.17137482,1.847182681,5.855943167,1.837385666,1.320370456,1.149368009,1.248674117,1.025569362,14.41719848,11.82232541,19.31570607,14.80017271,34.94239061,38.76322653,14.0092864,12.47115501
TG 18:1_38:2,3.961556686,3.875610143,3.514011219,4.857538256,2.825993562,2.0293181,3.51757377,1.668609813,0.808699072,0.916466239,0.663525119,1.926004122,1.744314022,1.561733284,0.912458369,1.616507505
TG 18:1_38:3,3.988275818,3.765616382,5.326013709,4.974211801,3.104763176,1.972317284,2.793930603,1.76880656,0.861246698,1.055851046,0.720971254,2.820649735,2.946674976,1.587561779,1.504732469,1.624077926
TG 20:1_36:3,1.38182446,1.996364503,1.979887705,2.565927341,1.110625267,0.766393779,1.502505874,0.74635443,0.449772061,0.632352798,0.419490377,1.246002204,1.209931375,0.696924035,1.074109119,0.673322135
TG 18:1_38:4,5.575392278,5.818091063,10.95707085,7.235986352,5.955694594,3.420048937,4.941258204,2.842025041,2.054255957,1.495380772,0.770846967,4.051511098,3.454783809,2.378448095,4.248342039,2.565036703
TG 20:3_36:2,3.437416373,2.356182152,3.989166456,3.362602803,5.024532833,1.531006282,2.797493154,1.493154178,0.638141944,0.637696625,0.175010317,1.697110221,0.994397041,0.574461345,1.116859731,0.937396226
TG 20:4_36:1,7.867893831,6.773300043,13.93091027,7.844291931,5.290833519,5.245856312,7.713368182,5.348279653,4.10984787,2.831337388,1.082124859,7.933355705,7.147367896,3.657403896,9.031957362,5.157683176
TG 22:4_34:1,1.975879835,2.261774551,5.818536382,3.331430482,1.624077926,0.900434759,0.980592156,0.612313449,0.073032295,0.095743557,0.005789145,0.330426603,0.13804885,0.195494985,0.291683861,0.308160659
TG 16:0_40:6,7.265377397,8.33013482,14.88790053,8.906822759,4.204255471,3.817273371,4.432258733,3.360376208,1.453075479,1.404981041,0.292574499,3.231233735,1.900175627,2.825993562,3.553644599,3.378634282
TG 18:1_38:5,10.6587072,13.01043617,20.41341709,11.42688226,9.103208382,7.227079974,9.106770933,6.801800451,3.299367523,2.732476599,1.542139254,6.645048208,5.142097015,4.861991445,6.205073163,5.861732312
TG 18:2_38:4,3.215202256,3.754928729,10.23431832,5.327349666,2.522286091,2.445691245,2.978737935,2.800610386,1.799088243,1.388504243,0.716072746,2.78324295,2.852267375,1.206368824,2.548114586,2.847814187
TG 20:3_36:3,3.583035644,2.68839003,6.331989041,3.45834636,3.220100764,1.760345501,3.696146638,2.02531023,0.754370169,0.859020104,0.346012764,1.79240846,2.042232347,1.081234221,1.651687696,1.782611445
TG 20:4_36:2,14.37569656,10.51572827,27.9361081,17.76390908,6.907198568,7.931816766,7.153941085,5.76179593,3.224924688,2.42822494,1.070902318,7.168626244,4.154308233,2.646512473,6.921167379,3.806043111
TG 22:4_34:2,1.734517007,2.381120009,6.244261224,2.312540902,1.491818221,0.681337874,0.857684148,0.73433082,0.163432026,0.256058351,0.029391046,0.335325111,0.168330534,0.058336772,0.415037189,0.403904217
TG 22:5_34:1,8.72513266,9.209639592,15.43029892,8.240625727,5.42442918,3.778530629,5.769996625,4.78094341,1.812447809,1.747431254,0.538390516,4.412664703,1.767915922,3.362602803,4.065315983,3.235241605
TG 18:1_38:6,9.046652885,7.940035488,15.07226254,9.38420459,8.01440374,5.62170544,7.057858803,6.20997167,3.048652998,2.696851089,1.699782135,6.887301675,5.110924694,5.687167315,6.042977093,5.961929059
TG 18:2_38:5,7.705352443,10.13055902,22.35812461,12.10020439,7.321042256,4.973766482,6.287011835,6.279886733,2.236836694,2.591755835,1.394293388,5.440015341,4.37837515,3.791444876,5.244965675,4.936805015
TG 20:4_36:3,16.09560531,12.08328227,30.42017747,19.51743552,15.11946634,10.61061276,11.34449826,13.42146548,4.910976521,3.9241499,2.373104269,11.26701278,9.878953857,4.590346933,8.695741614,6.594281857
TG 22:5_34:2,6.61298525,7.886597224,21.21899893,8.790594534,3.723756408,3.464580824,5.04145495,5.98508564,1.66193003,1.46465377,0.506327557,3.865813128,1.895277119,2.936877961,3.583480963,4.558283974
TG 20:4_36:4,3.082769161,3.204309748,10.03458037,6.153798153,2.42583711,2.014891428,1.84368396,2.413141809,1.549025639,1.319873476,0.735531482,3.074769927,3.270174081,2.135914653,2.938504383,1.678525663
TG 18:2_38:7,1.240213059,0.795339505,2.768102109,0.706275731,0.785987809,0.907114542,1.158719705,1.334175341,1.156493111,1.039374247,1.090585918,2.023974273,2.668796,1.868557987,2.248414985,2.34504918
TG 20:5_36:4,3.046871722,1.992801952,5.343381145,1.483357163,2.035107245,2.293392191,2.81486059,3.99940879,5.930756738,4.659816677,6.718080503,10.22630258,13.45174717,13.94026197,10.76202118,9.088958178
TG 18:1_40:5,1.655250247,1.530115644,2.836681215,1.742087427,1.52788905,0.602071115,1.419231245,0.985045345,0.367388069,0.396779115,0.161650751,1.580881996,0.623001102,0.535718603,0.944076009,0.889747106
TG 22:6_36:2,1.446587697,1.352825541,4.092781793,1.705070382,0.400120848,0.849629997,1.23697595,0.690361682,0.762434375,0.782253371,0.271177985,3.614578878,1.516391951,1.089408007,1.849175971,1.319992868